cnae,descricao,anexos,pode_ser_simples,pode_ser_mei
1012101,Abate de aves,"I, II",Sim,Sim
1012102,Abate de pequenos animais,"I, II",Sim,Não
1531902,Acabamento de calçados de couro sob contrato,"II, III",Sim,Sim
5231101,Administração da infraestrutura portuária,V,Sim,Não
8550301,Administração de caixas escolares,,Não,Não
6613400,Administração de cartões de crédito,V,Sim,","
6493000,Administração de consórcios para aquisição de bens e direitos,V,Sim,Não
6611804,Administração de mercados de balcão organizados,,Não,Não
4399101,Administração de obras,V,Sim,Não
8411600,Administração pública em geral,,Não,Não
5250803,"Agenciamento de cargas, exceto para o transporte marítimo",V,Sim,Não
7312200,"Agenciamento de espaços para publicidade, exceto em veículos de comunicação","V, V, III",Sim,Não
7490105,"Agenciamento de profissionais para atividades esportivas, culturais e artísticas",V,Sim,Não
6434400,Agências de fomento,,Não,Não
6391700,Agências de notícias,III,Sim,Não
7311400,Agências de publicidade,V,Sim,Não
7911200,Agências de viagens,III,Sim,Sim
9609202,Agências matrimoniais,III,Sim,Sim
6911703,Agente de propriedade industrial,V,Sim,Não
6612605,Agentes de investimentos em aplicações financeiras,,Não,Não
8730102,Albergues assistenciais,III,Sim,Não
5590601,"Albergues, exceto assistenciais",III,Sim,Sim
9609207,Alojamento de animais domésticos,III,Sim,Sim
7732202,Aluguel de andaimes,III,Sim,Sim
7729201,Aluguel de aparelhos de jogos eletrônicos,III,Sim,Sim
7739002,"Aluguel de equipamentos científicos, médicos e hospitalares, sem operador",III,Sim,Sim
7721700,Aluguel de equipamentos recreativos e esportivos,III,Sim,Sim
7722500,"Aluguel de fitas de vídeo, DVDs e similares",III,Sim,Sim
6810202,Aluguel de imóveis próprios,,Não,Não
7731400,Aluguel de máquinas e equipamentos agrícolas sem operador,III,Sim,Sim
7732201,"Aluguel de máquinas e equipamentos para construção sem operador, exceto andaimes",III,Sim,Sim
7733100,Aluguel de máquinas e equipamentos para escritório,III,Sim,Sim
7739001,"Aluguel de máquinas e equipamentos para extração de minérios e petróleo, sem operador",III,Sim,Não
7729203,Aluguel de material médico,III,Sim,Sim
7729202,"Aluguel de móveis, utensílios e aparelhos de uso doméstico e pessoal; instrumentos musicais",III,Sim,Sim
7723300,"Aluguel de objetos do vestuário, jóias e acessórios",III,Sim,Sim
7739099,"Aluguel de outras máquinas e equipamentos comerciais e industriais não especificados anteriormente, sem operador",III,Sim,Sim
7729299,Aluguel de outros objetos pessoais e domésticos não especificados anteriormente,III,Sim,Sim
7739003,"Aluguel de palcos, coberturas e outras estruturas de uso temporário, exceto andaimes",III,Sim,Sim
1340502,"Alvejamento, tingimento e torção em fios, tecidos, artefatos têxteis e peças do vestuário","II, III",Sim,Não
2391502,"Aparelhamento de pedras para construção, exceto associado à extração",II,Sim,Sim
2391503,"Aparelhamento de placas e execução de trabalhos em mármore, granito, ardósia e outras pedras",II,Sim,Sim
5510802,Aparthotéis,III,Sim,Não
0159801,Apicultura,"I, II",Sim,Sim
4330405,Aplicação de revestimentos e de resinas em interiores e exteriores,"III, IV",Sim,Sim
5211701,Armazéns gerais emissão de warrant,III,Sim,Não
6440900,Arrendamento mercantil,,Não,Não
9001999,"Artes cênicas, espetáculos e atividades complementares não especificados anteriormente",III,Sim,Não
6435202,Associações de poupança e empréstimo,,Não,Não
8630502,Atividade médica ambulatorial com recursos para realização de exames complementares,III,Sim,Não
8630501,Atividade médica ambulatorial com recursos para realização de procedimentos cirúrgicos,III,Sim,Não
8630503,Atividade médica ambulatorial restrita a consultas,III,Sim,Não
8630504,Atividade odontológica,III,Sim,Não
9499500,Atividades associativas não especificadas anteriormente,,Não,Não
6911702,Atividades auxiliares da justiça,,Não,Não
6629100,"Atividades auxiliares dos seguros, da previdência complementar e dos planos de saúde não especificadas anteriormente",V,Sim,Não
5240199,"Atividades auxiliares dos transportes aéreos, exceto operação dos aeroportos e campos de aterrissagem",III,Sim,Não
5239799,Atividades auxiliares dos transportes aquaviários não especificadas anteriormente,III,Sim,Não
8690903,Atividades de acupuntura,III,Sim,Não
6630400,Atividades de administração de fundos por contrato ou comissão,V,Sim,Não
5232000,Atividades de agenciamento marítimo,V,Sim,Não
0161099,Atividades de apoio à agricultura não especificadas anteriormente,"III, V",Sim,Não
0322107,Atividades de apoio à aquicultura em água doce,III,Sim,Não
0321305,Atividades de apoio à aquicultura em água salgada e salobra,III,Sim,Não
8550302,"Atividades de apoio à educação, exceto caixas escolares",V,Sim,Não
0990402,Atividades de apoio à extração de minerais metálicos não ferrosos,III,Sim,Não
0990403,Atividades de apoio à extração de minerais não metálicos,III,Sim,Não
0990401,Atividades de apoio à extração de minério de ferro,III,Sim,Não
0910600,Atividades de apoio à extração de petróleo e gás natural,III,Sim,Não
8660700,Atividades de apoio à gestão de saúde,V,Sim,Não
0162899,Atividades de apoio à pecuária não especificadas anteriormente,"III, IV, V",Sim,Não
0312404,Atividades de apoio à pesca em água doce,III,Sim,Não
0311604,Atividades de apoio à pesca em água salgada,III,Sim,Não
0230600,Atividades de apoio à produção florestal,"III, V",Sim,Não
9002701,"Atividades de artistas plásticos, jornalistas independentes e
escritores",V,Sim,Não
8711503,"Atividades de assistência a deficientes físicos, imunodeprimidos e convalescentes",V,Sim,Não
8720499,"Atividades de assistência psicossocial e à saúde a portadores de distúrbios psíquicos, deficiência mental e dependência química e grupos similares não especificados anteriormente",V,Sim,Não
8730199,Atividades de assistência social prestadas em residências coletivas e particulares não especificadas anteriormente,V,Sim,Não
9430800,Atividades de associações de defesa de direitos sociais,,Não,Não
8630599,Atividades de atenção ambulatorial não especificadas anteriormente,III,Sim,Não
8610102,Atividades de atendimento em prontosocorro e unidades hospitalares para atendimento a urgências,III,Sim,Não
8610101,"Atividades de atendimento hospitalar, exceto prontosocorro e unidades para atendimento a urgências",III,Sim,Não
8690902,Atividades de bancos de leite humano,III,Sim,Não
9101500,Atividades de bibliotecas e arquivos,III,Sim,Não
8720401,Atividades de centros de assistência psicossocial,V,Sim,Não
8291100,Atividades de cobrança e informações cadastrais,III,Sim,Sim
9313100,Atividades de condicionamento físico,III,Sim,Não
6920602,Atividades de consultoria e auditoria contábil e tributária,V,Sim,Não
7020400,"Atividades de consultoria em gestão empresarial, exceto consultoria técnica específica",V,Sim,Não
6920601,Atividades de contabilidade,III,Sim,Não
3511502,Atividades de coordenação e controle da operação da geração e transmissão de energia elétrica,,Não,Não
7410299,Atividades de desing não especificadas anteriormente,V,Sim,Não
5250802,Atividades de despachantes aduaneiros,V,Sim,Não
8650001,Atividades de enfermagem,III,Sim,Não
9602502,Atividades de estética e outros serviços de cuidados com a beleza,III,Sim,Sim
7119702,Atividades de estudos geológicos,V,Sim,Não
5914600,Atividades de exibição cinematográfica,III,Sim,Não
9412001,Atividades de fiscalização profissional,,Não,Não
8650004,Atividades de fisioterapia,III,Sim,Não
8650006,Atividades de fonoaudiologia,III,Sim,Não
8712300,Atividades de fornecimento de infraestrutura de apoio e assistência a paciente no domicílio,III,Sim,Sim
5310502,Atividades de franqueadas e permissionárias do Correio Nacional,III,Sim,Sim
5920100,Atividades de gravação de som e de edição de música,III,Sim,Não
7490104,"Atividades de intermediação e agenciamento de serviços e negócios em geral, exceto imobiliários",V,Sim,Não
8030700,Atividades de investigação particular,V,Sim,Não
9103100,"Atividades de jardins botânicos, zoológicos, parques nacionais, reservas ecológicas e áreas de proteção ambiental",III,Sim,Não
8129000,Atividades de limpeza não especificadas anteriormente,IV,Sim,Sim
8020001,Atividades de monitoramento de sistemas de segurança eletrônico,IV,Sim,Não
9102301,Atividades de museus e de exploração de lugares e prédios históricos e atrações similares,III,Sim,Não
9493600,Atividades de organizações associativas ligadas à cultura e à arte,,Não,Não
9411100,Atividades de organizações associativas patronais e empresariais,,Não,Não
9492800,Atividades de organizações políticas,,Não,Não
9491000,Atividades de organizações religiosas ou filosóficas,,Não,Não
9420100,Atividades de organizações sindicais,,Não,Não
8690904,Atividades de podologia,III,Sim,Não
0163600,Atividades de póscolheita,III,Sim,Não
5912099,"Atividades de pósprodução cinematográfica, de vídeos e de programas de televisão não especificadas anteriormente",III,Sim,Sim
8690901,Atividades de práticas integrativas e complementares em saúde humana,V,Sim,Não
5911199,"Atividades de produção cinematográfica, de vídeos e de programas de televisão não especificadas anteriormente",III,Sim,Não
7420002,Atividades de produção de fotografias aéreas e submarinas,III,Sim,Sim
7420001,"Atividades de produção de fotografias, exceto aérea e submarina",III,Sim,Sim
8650099,Atividades de profissionais da área de saúde não especificadas anteriormente,V,Sim,Não
8650002,Atividades de profissionais da nutrição,III,Sim,Não
8650003,Atividades de psicologia e psicanálise,III,Sim,Não
6010100,Atividades de rádio,III,Sim,Não
8630507,Atividades de reprodução humana assistida,III,Sim,Não
9609205,Atividades de sauna e banhos,III,Sim,Não
8640299,Atividades de serviços de complementação diagnóstica e terapêutica não especificadas anteriormente,III,Sim,Não
9001906,Atividades de sonorização e de iluminação,III,Sim,Sim
8220200,Atividades de teleatendimento,III,Sim,Não
6021700,Atividades de televisão aberta,III,Sim,Não
8650007,Atividades de terapia de nutrição enteral e parenteral,III,Sim,Não
8650005,Atividades de terapia ocupacional,III,Sim,Não
8012900,Atividades de transporte de valores,IV,Sim,Não
8011101,Atividades de vigilância e segurança privada,IV,Sim,Não
5310501,Atividades do Correio Nacional,,Não,Não
5231102,Atividades do Operador Portuário,III,Sim,Não
9603399,Atividades funerárias e serviços relacionados não especificados anteriormente,III,Sim,Sim
8130300,Atividades paisagísticas,IV,Sim,Sim
3702900,"Atividades relacionadas a esgoto, exceto a gestão de redes",IV,Sim,Sim
6022502,"Atividades relacionadas à televisão por assinatura, exceto programadoras",V,Sim,Não
7119799,Atividades técnicas relacionadas à engenharia e arquitetura não especificadas anteriormente,V,Sim,Não
7500100,Atividades veterinárias,V,Sim,Não
6621502,Auditoria e consultoria atuarial,V,Sim,Não
6410700,Banco Central,,Não,Não
6421200,Bancos comerciais,,Não,Não
6424701,Bancos cooperativos,,Não,Não
6438701,Bancos de câmbio,,Não,Não
6433600,Bancos de desenvolvimento,,Não,Não
6432800,Bancos de investimento,,Não,Não
6422100,"Bancos múltiplos, com carteira comercial",,Não,Não
6431000,"Bancos múltiplos, sem carteira comercial",,Não,Não
5611205,"Bares e outros estabelecimentos especializados em servir bebidas, com entretenimento",I,Sim,Sim
5611204,"Bares e outros estabelecimentos especializados em servir bebidas, sem entretenimento",I,Sim,Sim
1061901,Beneficiamento de arroz,II,Sim,Não
1081301,Beneficiamento de café,"I, II",Sim,Não
0500302,Beneficiamento de carvão mineral,II,Sim,Não
0810010,Beneficiamento de gesso e caulim associado à extração,"I, II",Sim,Não
0721902,Beneficiamento de minério de alumínio,II,Sim,Não
0722702,Beneficiamento de minério de estanho,"I, II",Sim,Não
0723502,Beneficiamento de minério de manganês,"I, II",Sim,Não
0724302,Beneficiamento de minério de metais preciosos,"I, II",Sim,Não
0729405,"Beneficiamento de minérios de cobre, chumbo, zinco e outros minerais metálicos não ferrosos não especificados anteriormente","I, II",Sim,Não
6611802,Bolsa de mercadorias,,Não,Não
6611803,Bolsa de mercadorias e futuros,,Não,Não
6611801,Bolsa de valores,,Não,Não
2391501,"Britamento de pedras, exceto associado à extração",II,Sim,Sim
9602501,"Cabeleireiros, manicure e pedicure",III,Sim,Sim
0170900,Caça e serviços relacionados,I,Sim,Não
6499904,Caixas de financiamento de corporações,,Não,Não
6423900,Caixas econômicas,,Não,Não
6619304,Caixas eletrônicos,,Não,Não
5590602,Campings,III,Sim,Sim
5620103,Cantinas serviços de alimentação privativos,I,Sim,Sim
3600601,"Captação, tratamento e distribuição de água","I, III, V",Sim,Não
5212500,Carga e descarga,III,Sim,Sim
6912500,Cartórios,,Não,Não
9200301,Casas de bingo,,Não,Não
8230002,Casas de festas e eventos,III,Sim,Sim
8299706,Casas lotéricas,III,Sim,Não
8711504,Centros de apoio a pacientes com câncer e com AIDS,V,Sim,Não
9529102,Chaveiros,III,Sim,Sim
8711501,Clínicas e residências geriátricas,V,Sim,Não
6499901,Clubes de investimento,,Não,Não
9312300,"Clubes sociais, esportivos e similares",III,Sim,Não
0220903,Coleta de castanhadopará em florestas nativas,"I, II",Sim,Não
0220904,Coleta de látex em florestas nativas,II,Sim,Não
0312403,Coleta de outros produtos aquáticos de água doce,II,Sim,Não
0311603,Coleta de outros produtos marinhos,"I, II",Sim,Não
0220905,Coleta de palmito em florestas nativas,II,Sim,Não
0220999,Coleta de produtos não madeireiros não especificados anteriormente em florestas nativas,"I, II",Sim,Não
3811400,Coleta de resíduos não perigosos,III,Sim,Sim
3812200,Coleta de resíduos perigosos,III,Sim,Sim
4511101,"Comércio a varejo de automóveis, camionetas e utilitários novos",I,Sim,Não
4511102,"Comércio a varejo de automóveis, camionetas e utilitários usados","I, III, V",Sim,Não
4541203,Comércio a varejo de motocicletas e motonetas novas,I,Sim,Não
4541204,Comércio a varejo de motocicletas e motonetas usadas,"I, III, V",Sim,Não
4541206,Comércio a varejo de peças e acessórios novos para motocicletas e motonetas,I,Sim,Sim
4530703,Comércio a varejo de peças e acessórios novos para veículos automotores,I,Sim,Sim
4541207,Comércio a varejo de peças e acessórios usados para motocicletas e motonetas,I,Sim,Sim
4530704,Comércio a varejo de peças e acessórios usados para veículos automotores,I,Sim,Sim
4530705,Comércio a varejo de pneumáticos e câmarasdear,I,Sim,Sim
4637102,Comércio atacadista de açúcar,I,Sim,Não
4635401,Comércio atacadista de água mineral,I,Sim,Não
4681801,"Comércio atacadista de álcool carburante, biodiesel, gasolina e demais derivados de petróleo, exceto lubrificantes, não realizado por transportador retalhista",I,Sim,Não
4623103,Comércio atacadista de algodão,I,Sim,Não
4623109,Comércio atacadista de alimentos para animais,I,Sim,Não
4623101,Comércio atacadista de animais vivos,I,Sim,Não
4649402,Comércio atacadista de aparelhos eletrônicos de uso pessoal e doméstico,I,Sim,Não
4641903,Comércio atacadista de artigos de armarinho,I,Sim,Não
4641902,"Comércio atacadista de artigos de cama, mesa e banho",I,Sim,Não
4647801,Comércio atacadista de artigos de escritório e de papelaria,I,Sim,Não
4649405,Comércio atacadista de artigos de tapeçaria; persianas e cortinas,I,Sim,Não
4642701,"Comércio atacadista de artigos do vestuário e acessórios, exceto profissionais e de segurança",I,Sim,Não
4634602,Comércio atacadista de aves abatidas e derivados,I,Sim,Não
4633802,Comércio atacadista de aves vivas e ovos,I,Sim,Não
4635403,Comércio atacadista de bebidas com atividade de fracionamento e acondicionamento associada,II,Sim,Não
4635499,Comércio atacadista de bebidas não especificadas anteriormente,I,Sim,Não
4649403,"Comércio atacadista de bicicletas, triciclos e outros veículos recreativos",,Não,Sim
4643502,"Comércio atacadista de bolsas, malas e artigos de viagem",I,Sim,Não
4669901,Comércio atacadista de bombas e compressores; partes e peças,I,Sim,Não
4623105,Comércio atacadista de cacau,I,Sim,Não
4621400,Comércio atacadista de café em grão,I,Sim,Não
4637101,"Comércio atacadista de café torrado, moído e solúvel",I,Sim,Não
4643501,Comércio atacadista de calçados,I,Sim,Não
4634601,Comércio atacadista de carnes bovinas e suínas e derivados,I,Sim,Não
4634699,Comércio atacadista de carnes e derivados de outros animais,I,Sim,Não
4632001,Comércio atacadista de cereais e leguminosas beneficiados,I,Sim,Não
4632003,"Comércio atacadista de cereais e leguminosas beneficiados, farinhas, amidos e féculas, com atividade de fracionamento e acondicionamento associada",I,Sim,Não
4635402,"Comércio atacadista de cerveja, chope e refrigerante",I,Sim,Não
4637107,"Comércio atacadista de chocolates, confeitos, balas, bombons e semelhantes",I,Sim,Não
4636202,"Comércio atacadista de cigarros, cigarrilhas e charutos",,Não,Não
4674500,Comércio atacadista de cimento,I,Sim,Não
4633803,Comércio atacadista de coelhos e outros pequenos animais vivos para alimentação,I,Sim,Não
4681804,Comércio atacadista de combustíveis de origem mineral em bruto,I,Sim,Não
4681803,"Comércio atacadista de combustíveis de origem vegetal, exceto álcool carburante",I,Sim,Não
4681802,Comércio atacadista de combustíveis realizado por transportador retalhista (TRR),I,Sim,Não
4652400,Comércio atacadista de componentes eletrônicos e equipamentos de telefonia e comunicação,I,Sim,Não
4646001,Comércio atacadista de cosméticos e produtos de perfumaria,I,Sim,Não
4623102,"Comércio atacadista de couros, lãs, peles e outros subprodutos não comestíveis de origem animal",I,Sim,Não
4683400,"Comércio atacadista de defensivos agrícolas, adubos, fertilizantes e corretivos do solo",I,Sim,Não
4686902,Comércio atacadista de embalagens,I,Sim,Não
3513100,Comércio atacadista de energia elétrica,,Não,Não
4651601,Comércio atacadista de equipamentos de informática,I,Sim,Não
4649401,Comércio atacadista de equipamentos elétricos de uso pessoal e doméstico,I,Sim,Não
4632002,"Comércio atacadista de farinhas, amidos e féculas",I,Sim,Não
4672900,Comércio atacadista de ferragens e ferramentas,I,Sim,Não
4649407,"Comércio atacadista de filmes, CDs, DVDs, fitas e discos",I,Sim,Não
4689302,Comércio atacadista de fios e fibras beneficiados,I,Sim,Não
4633801,"Comércio atacadista de frutas, verduras, raízes, tubérculos, hortaliças e legumes frescos",I,Sim,Não
4636201,Comércio atacadista de fumo beneficiado,I,Sim,Não
4623104,Comércio atacadista de fumo em folha não beneficiado,I,Sim,Não
4682600,Comércio atacadista de gás liquefeito de petróleo (GLP),I,Sim,Não
4645101,"Comércio atacadista de instrumentos e materiais para uso médico, cirúrgico, hospitalar e de laboratórios",I,Sim,Não
4649410,"Comércio atacadista de jóias, relógios e bijuterias, inclusive pedras preciosas e semipreciosas lapidadas",I,Sim,Não
4631100,Comércio atacadista de leite e laticínios,I,Sim,Não
4647802,"Comércio atacadista de livros, jornais e outras publicações",I,Sim,Não
4681805,Comércio atacadista de lubrificantes,I,Sim,Não
4649406,"Comércio atacadista de lustres, luminárias e abajures",I,Sim,Não
4671100,Comércio atacadista de madeira e produtos derivados,I,Sim,Não
4665600,Comércio atacadista de máquinas e equipamentos para uso comercial; partes e peças,I,Sim,Não
4663000,Comércio atacadista de máquinas e equipamentos para uso industrial; partes e peças,I,Sim,Não
4661300,"Comércio atacadista de máquinas, aparelhos e equipamentos para uso agropecuário; partes e peças","I, III, V",Sim,Não
4664800,"Comércio atacadista de máquinas, aparelhos e equipamentos para uso odontomédicohospitalar; partes e peças",I,Sim,Não
4662100,"Comércio atacadista de máquinas, equipamentos para terraplenagem, mineração e construção; partes e peças",I,Sim,Não
4679602,Comércio atacadista de mármores e granitos,I,Sim,Não
4637105,Comércio atacadista de massas alimentícias,I,Sim,Não
4679699,Comércio atacadista de materiais de construção em geral,I,Sim,Não
4673700,Comércio atacadista de material elétrico,I,Sim,Não
4623108,Comércio atacadista de matériasprimas agrícolas com atividade de fracionamento e acondicionamento associada,I,Sim,Não
4623199,Comércio atacadista de matériasprimas agrícolas não especificadas anteriormente,I,Sim,Não
4644301,Comércio atacadista de medicamentos e drogas de uso humano,I,Sim,Não
4644302,Comércio atacadista de medicamentos e drogas de uso veterinário,I,Sim,Não
4692300,"Comércio atacadista de mercadorias em geral, com predominância de insumos agropecuários",I,Sim,Não
4691500,"Comércio atacadista de mercadorias em geral, com predominância de produtos alimentícios",I,Sim,Não
4693100,"Comércio atacadista de mercadorias em geral, sem predominância de alimentos ou de insumos agropecuários",I,Sim,Não
4649404,Comércio atacadista de móveis e artigos de colchoaria,I,Sim,Não
4637103,Comércio atacadista de óleos e gorduras,I,Sim,Não
4669999,Comércio atacadista de outras máquinas e equipamentos não especificados anteriormente; partes e peças,I,Sim,Não
4649499,Comércio atacadista de outros equipamentos e artigos de uso pessoal e doméstico não especificados anteriormente,I,Sim,Não
4684299,Comércio atacadista de outros produtos químicos e petroquímicos não especificados anteriormente,I,Sim,Não
4637104,"Comércio atacadista de pães, bolos, biscoitos e similares",I,Sim,Não
4686901,Comércio atacadista de papel e papelão em bruto,I,Sim,Não
4634603,Comércio atacadista de pescados e frutos do mar,I,Sim,Não
4639701,Comércio atacadista de produtos alimentícios em geral,I,Sim,Não
4639702,"Comércio atacadista de produtos alimentícios em geral, com atividade de fracionamento e acondicionamento associada",I,Sim,Não
4689301,"Comércio atacadista de produtos da extração mineral, exceto combustíveis",I,Sim,Não
4646002,Comércio atacadista de produtos de higiene pessoal,I,Sim,Não
4649408,"Comércio atacadista de produtos de higiene, limpeza e conservação domiciliar",I,Sim,Não
4649409,"Comércio atacadista de produtos de higiene, limpeza e conservação domiciliar, com atividade de fracionamento e acondicionamento associada",I,Sim,Não
4645103,Comércio atacadista de produtos odontológicos,I,Sim,Não
4685100,"Comércio atacadista de produtos siderúrgicos e metalúrgicos, exceto para construção",I,Sim,Não
4645102,Comércio atacadista de próteses e artigos de ortopedia,I,Sim,Não
4687701,Comércio atacadista de resíduos de papel e papelão,I,Sim,Não
4687703,Comércio atacadista de resíduos e sucatas metálicos,I,Sim,Não
4687702,"Comércio atacadista de resíduos e sucatas não metálicos, exceto de papel e papelão",I,Sim,Não
4684201,Comércio atacadista de resinas e elastômeros,I,Sim,Não
4642702,Comércio atacadista de roupas e acessórios para uso profissional e de segurança do trabalho,I,Sim,Não
4623106,"Comércio atacadista de sementes, flores, plantas e gramas",I,Sim,Não
4623107,Comércio atacadista de sisal,I,Sim,Não
4622200,Comércio atacadista de soja,I,Sim,Não
4684202,Comércio atacadista de solventes,I,Sim,Não
4637106,Comércio atacadista de sorvetes,I,Sim,Não
4651602,Comércio atacadista de suprimentos para informática,I,Sim,Não
4641901,Comércio atacadista de tecidos,I,Sim,Não
4679601,"Comércio atacadista de tintas, vernizes e similares",I,Sim,Não
4679603,"Comércio atacadista de vidros, espelhos e vitrais",I,Sim,Não
4679604,Comércio atacadista especializado de materiais de construção não especificados anteriormente,I,Sim,Não
4637199,Comércio atacadista especializado em outros produtos alimentícios não especificados anteriormente,I,Sim,Não
4689399,Comércio atacadista especializado em outros produtos intermediários não especificados anteriormente,I,Sim,Não
4511103,"Comércio por atacado de automóveis, camionetas e utilitários novos e usados","I, III, V",Sim,Não
4511104,Comércio por atacado de caminhões novos e usados,"I, III, V",Sim,Não
4541201,Comércio por atacado de motocicletas e motonetas,"I, III, V",Sim,Não
4511106,Comércio por atacado de ônibus e microônibus novos e usados,"I, III, V",Sim,Não
4530701,Comércio por atacado de peças e acessórios novos para veículos automotores,I,Sim,Não
4541202,Comércio por atacado de peças e acessórios para motocicletas e motonetas,I,Sim,Não
4530702,Comércio por atacado de pneumáticos e câmarasdear,I,Sim,Não
4511105,Comércio por atacado de reboques e semireboques novos e usados,"I, III, V",Sim,Não
4542102,Comércio sob consignação de motocicletas e motonetas,"I, III, V",Sim,Não
4512902,Comércio sob consignação de veículos automotores,"I, III, V",Sim,Não
4789004,Comércio varejista de animais vivos e de artigos e alimentos para animais de estimação,I,Sim,Sim
4785701,Comércio varejista de antiguidades,I,Sim,Sim
4789009,Comércio varejista de armas e munições,I,Sim,Não
4755502,Comercio varejista de artigos de armarinho,I,Sim,Sim
4763604,"Comércio varejista de artigos de caça, pesca e camping",I,Sim,Sim
4755503,"Comercio varejista de artigos de cama, mesa e banho",I,Sim,Sim
4754702,Comércio varejista de artigos de colchoaria,I,Sim,Sim
4754703,Comércio varejista de artigos de iluminação,I,Sim,Sim
4783101,Comércio varejista de artigos de joalheria,I,Sim,Sim
4774100,Comércio varejista de artigos de óptica,I,Sim,Sim
4761003,Comércio varejista de artigos de papelaria,I,Sim,Sim
4783102,Comércio varejista de artigos de relojoaria,I,Sim,Sim
4759801,"Comércio varejista de artigos de tapeçaria, cortinas e persianas",I,Sim,Sim
4782202,Comércio varejista de artigos de viagem,I,Sim,Sim
4781400,Comércio varejista de artigos do vestuário e acessórios,I,Sim,Sim
4763602,Comércio varejista de artigos esportivos,I,Sim,Sim
4789008,Comércio varejista de artigos fotográficos e para filmagem,I,Sim,Sim
4773300,Comércio varejista de artigos médicos e ortopédicos,I,Sim,Sim
4723700,Comércio varejista de bebidas,I,Sim,Sim
4763603,Comércio varejista de bicicletas e triciclos; peças e acessórios,I,Sim,Sim
4763601,Comércio varejista de brinquedos e artigos recreativos,I,Sim,Sim
4744004,"Comércio varejista de cal, areia, pedra britada, tijolos e telhas",I,Sim,Sim
4782201,Comércio varejista de calçados,I,Sim,Sim
4722901,Comércio varejista de carnes açougues,I,Sim,Sim
4731800,Comércio varejista de combustíveis para veículos automotores,I,Sim,Não
4772500,"Comércio varejista de cosméticos, produtos de perfumaria e de higiene pessoal",I,Sim,Sim
4762800,"Comércio varejista de discos, CDs, DVDs e fitas",I,Sim,Sim
4721104,"Comércio varejista de doces, balas, bombons e semelhantes",I,Sim,Sim
4763605,Comércio varejista de embarcações e outros veículos recreativos; peças e acessórios,I,Sim,Não
4789007,Comércio varejista de equipamentos para escritório,I,Sim,Sim
4744001,Comércio varejista de ferragens e ferramentas,I,Sim,Sim
4789006,Comércio varejista de fogos de artifício e artigos pirotécnicos,I,Sim,Sim
4784900,Comércio varejista de gás liqüefeito de petróleo (GLP),I,Sim,Sim
4724500,Comércio varejista de hortifrutigranjeiros,I,Sim,Sim
4761002,Comércio varejista de jornais e revistas,I,Sim,Sim
4721103,Comércio varejista de laticínios e frios,I,Sim,Sim
4761001,Comércio varejista de livros,I,Sim,Sim
4732600,Comércio varejista de lubrificantes,I,Sim,Sim
4744002,Comércio varejista de madeira e artefatos,I,Sim,Sim
4744099,Comércio varejista de materiais de construção em geral,I,Sim,Sim
4744005,Comércio varejista de materiais de construção não especificados anteriormente,I,Sim,Não
4744003,Comércio varejista de materiais hidráulicos,I,Sim,Sim
4742300,Comércio varejista de material elétrico,I,Sim,Sim
4771704,Comércio varejista de medicamentos veterinários,I,Sim,Sim
4711301,"Comércio varejista de mercadorias em geral, com predominância de produtos alimentícios hipermercados",I,Sim,Não
4712100,"Comércio varejista de mercadorias em geral, com predominância de produtos alimentícios minimercados, mercearias e armazéns",I,Sim,Sim
4711302,"Comércio varejista de mercadorias em geral, com predominância de produtos alimentícios supermercados",I,Sim,Não
4729602,Comércio varejista de mercadorias em lojas de conveniência,I,Sim,Não
4754701,Comércio varejista de móveis,I,Sim,Sim
4789003,Comércio varejista de objetos de arte,I,Sim,Sim
4759899,Comércio varejista de outros artigos de uso doméstico não especificados anteriormente,I,Sim,Sim
4785799,Comércio varejista de outros artigos usados,I,Sim,Sim
4789099,Comércio varejista de outros produtos não especificados anteriormente,I,Sim,Sim
4744006,Comércio varejista de pedras para revestimento,I,Sim,Não
4789002,Comércio varejista de plantas e flores naturais,I,Sim,Sim
4729699,Comércio varejista de produtos alimentícios em geral ou especializado em produtos alimentícios não especificados anteriormente,I,Sim,Sim
4771703,Comércio varejista de produtos farmacêuticos homeopáticos,"I, III",Sim,Sim
4771702,"Comércio varejista de produtos farmacêuticos, com manipulação de fórmulas","I, III",Sim,Não
4771701,"Comércio varejista de produtos farmacêuticos, sem manipulação de fórmulas",I,Sim,Sim
4789005,Comércio varejista de produtos saneantes domissanitários,I,Sim,Sim
4789001,"Comércio varejista de suvenires, bijuterias e artesanatos",I,Sim,Sim
4755501,Comércio varejista de tecidos,I,Sim,Sim
4741500,Comércio varejista de tintas e materiais para pintura,I,Sim,Sim
4743100,Comércio varejista de vidros,I,Sim,Sim
4753900,Comércio varejista especializado de eletrodomésticos e equipamentos de áudio e vídeo,I,Sim,Sim
4752100,Comércio varejista especializado de equipamentos de telefonia e comunicação,I,Sim,Sim
4751201,Comércio varejista especializado de equipamentos e suprimentos de informática,I,Sim,Sim
4756300,Comércio varejista especializado de instrumentos musicais e acessórios,I,Sim,Sim
4757100,"Comércio varejista especializado de peças e acessórios para aparelhos eletroeletrônicos para uso doméstico, exceto informática e comunicação",I,Sim,Sim
5250801,Comissaria de despachos,V,Sim,Não
6435203,Companhias hipotecárias,,Não,Não
6810201,Compra e venda de imóveis próprios,I,Sim,Não
6499905,Concessão de crédito pelas OSCIP,,Não,Não
5221400,"Concessionárias de rodovias, pontes, túneis e serviços relacionados",III,Sim,Não
8112500,Condomínios prediais,,Não,Não
8711505,Condomínios residenciais para idosos,III,Sim,Não
1412601,"Confecção de peças do vestuário, exceto roupas íntimas e as confeccionadas sob medida","II, III",Sim,Sim
1411801,Confecção de roupas íntimas,"II, III",Sim,Sim
1413401,"Confecção de roupas profissionais, exceto sob medida","II, III",Sim,Não
1412602,"Confecção, sob medida, de peças do vestuário, exceto roupas íntimas","II, III",Sim,Sim
1413402,"Confecção, sob medida, de roupas profissionais","II, III",Sim,Não
0220906,Conservação de florestas nativas,III,Sim,Não
4221901,"Construção de barragens e represas para geração de energia 
elétrica",IV,Sim,Não
4120400,Construção de edifícios,IV,Sim,Não
3011301,Construção de embarcações de grande porte,"I, II, III",Sim,Não
3012100,Construção de embarcações para esporte e lazer,"II, III",Sim,Não
3011302,"Construção de embarcações para uso comercial e para usos especiais, exceto de grande porte",II,Sim,Não
4221902,Construção de estações e redes de distribuição de energia elétrica,IV,Sim,Não
4221904,Construção de estações e redes de telecomunicações,IV,Sim,Não
4299501,Construção de instalações esportivas e recreativas,IV,Sim,Não
4212000,Construção de obras de arte especiais,IV,Sim,Não
4222701,"Construção de redes de abastecimento de água, coleta de esgoto e construções correlatas, exceto obras de irrigação",IV,Sim,Não
4223500,"Construção de redes de transportes por dutos, exceto para água e esgoto",IV,Sim,Não
4211101,Construção de rodovias e ferrovias,IV,Sim,Não
7319004,Consultoria em publicidade,V,Sim,Não
6204000,Consultoria em tecnologia da informação,V,Sim,Não
6424702,Cooperativas centrais de crédito,,Não,Não
6424703,Cooperativas de crédito mútuo,,Não,Não
6424704,Cooperativas de crédito rural,,Não,Não
1910100,Coquerias,II,Sim,Não
6619302,Correspondentes de instituições financeiras,"III, V",Sim,Não
6821801,Corretagem na compra e venda e avaliação de imóveis,"III, III, V",Sim,Não
6821802,Corretagem no aluguel de imóveis,III,Sim,Não
6612603,Corretoras de câmbio,,Não,Não
6612604,Corretoras de contratos de mercadorias,,Não,Não
6612601,Corretoras de títulos e valores mobiliários,,Não,Não
6622300,"Corretores e agentes de seguros, de planos de previdência complementar e de saúde","III, V",Sim,Não
0159802,Criação de animais de estimação,I,Sim,Sim
0152103,Criação de asininos e muares,"I, II",Sim,Não
0155504,"Criação de aves, exceto galináceos","I, II",Sim,Não
0159804,Criação de bichodaseda,"I, II",Sim,Não
0151201,Criação de bovinos para corte,"I, II",Sim,Não
0151202,Criação de bovinos para leite,"I, II",Sim,Não
0151203,"Criação de bovinos, exceto para corte e leite","I, II",Sim,Não
0152101,Criação de bufalinos,"I, II",Sim,Não
0322102,Criação de camarões em água doce,II,Sim,Não
0321302,Criação de camarões em água salgada e salobra,II,Sim,Não
0153901,Criação de caprinos,"I, II",Sim,Não
0152102,Criação de equinos,"I, II",Sim,Não
0159803,Criação de escargô,II,Sim,Sim
7319001,Criação de estandes para feiras e exposições,V,Sim,Não
0155501,Criação de frangos para corte,"I, II",Sim,Não
0322106,Criação de jacaré,II,Sim,Não
0322103,Criação de ostras e mexilhões em água doce,II,Sim,Não
0321303,Criação de ostras e mexilhões em água salgada e salobra,II,Sim,Não
0159899,Criação de outros animais não especificados anteriormente,"I, II",Sim,Não
0155503,"Criação de outros galináceos, exceto para corte","I, II",Sim,Não
0153902,"Criação de ovinos, inclusive para produção de lã","I, II",Sim,Não
0322101,Criação de peixes em água doce,"I, II",Sim,Não
0321301,Criação de peixes em água salgada e salobra,"I, II",Sim,Não
0322104,Criação de peixes ornamentais em água doce,II,Sim,Sim
0321304,Criação de peixes ornamentais em água salgada e salobra,II,Sim,Sim
0154700,Criação de suínos,"I, II",Sim,Não
0119901,Cultivo de abacaxi,"I, II",Sim,Não
0210102,Cultivo de acácianegra,II,Sim,Não
0133401,Cultivo de açaí,II,Sim,Não
0112101,Cultivo de algodão herbáceo,"I, II",Sim,Não
0119902,Cultivo de alho,"I, II",Sim,Não
0116401,Cultivo de amendoim,"I, II",Sim,Não
0111301,Cultivo de arroz,"I, II",Sim,Não
0133402,Cultivo de banana,"I, II",Sim,Não
0119903,Cultivo de batatainglesa,"I, II",Sim,Não
0135100,Cultivo de cacau,"I, II",Sim,Não
0134200,Cultivo de café,"I, II",Sim,Não
0133403,Cultivo de caju,II,Sim,Não
0113000,Cultivo de canadeaçúcar,"I, II",Sim,Não
0119904,Cultivo de cebola,"I, II",Sim,Não
0139301,Cultivo de chádaíndia,II,Sim,Não
0133404,"Cultivo de cítricos, exceto laranja","I, II",Sim,Não
0133405,Cultivo de cocodabaía,"I, II",Sim,Não
0139305,Cultivo de dendê,"I, II",Sim,Não
0139302,Cultivo de ervamate,"I, II",Sim,Não
0210105,"Cultivo de espécies madeireiras, exceto eucalipto, acácianegra, pinus e teca",II,Sim,Não
0210101,Cultivo de eucalipto,II,Sim,Não
0119905,Cultivo de feijão,"I, II",Sim,Não
0122900,Cultivo de flores e plantas ornamentais,"I, II",Sim,Não
0133499,Cultivo de frutas de lavoura permanente não especificadas anteriormente,"I, II",Sim,Não
0114800,Cultivo de fumo,"I, II",Sim,Não
0116402,Cultivo de girassol,"I, II",Sim,Não
0133406,Cultivo de guaraná,II,Sim,Não
0112102,Cultivo de juta,"I, II",Sim,Não
0131800,Cultivo de laranja,"I, II",Sim,Não
0133407,Cultivo de maçã,II,Sim,Não
0133408,Cultivo de mamão,"I, II",Sim,Não
0116403,Cultivo de mamona,II,Sim,Não
0119906,Cultivo de mandioca,"I, II",Sim,Não
0133410,Cultivo de manga,II,Sim,Não
0133409,Cultivo de maracujá,II,Sim,Não
0119908,Cultivo de melancia,"I, II",Sim,Não
0119907,Cultivo de melão,"I, II",Sim,Não
0111302,Cultivo de milho,"I, II",Sim,Não
0121102,Cultivo de morango,"I, II",Sim,Não
0210106,Cultivo de mudas em viveiros florestais,II,Sim,Não
0112199,Cultivo de outras fibras de lavoura temporária não especificadas anteriormente,"I, II",Sim,Não
0116499,Cultivo de outras oleaginosas de lavoura temporária não especificadas anteriormente,"I, II",Sim,Não
0139399,Cultivo de outras plantas de lavoura permanente não especificadas anteriormente,"I, II",Sim,Não
0119999,Cultivo de outras plantas de lavoura temporária não especificadas anteriormente,"I, II",Sim,Não
0111399,Cultivo de outros cereais não especificados anteriormente,"I, II",Sim,Não
0133411,Cultivo de pêssego,"I, II",Sim,Não
0139303,Cultivo de pimentadoreino,"I, II",Sim,Não
0210103,Cultivo de pinus,II,Sim,Não
0139304,"Cultivo de plantas para condimento, exceto pimentadoreino","I, II",Sim,Não
0139306,Cultivo de seringueira,II,Sim,Não
0115600,Cultivo de soja,"I, II",Sim,Não
0210104,Cultivo de teca,II,Sim,Não
0119909,Cultivo de tomate rasteiro,"I, II",Sim,Não
0111303,Cultivo de trigo,"I, II",Sim,Não
0132600,Cultivo de uva,II,Sim,Não
0322199,Cultivos e semicultivos da aquicultura em água doce não especificados anteriormente,"I, II",Sim,Não
0321399,Cultivos e semicultivos da aquicultura em água salgada e salobra não especificados anteriormente,"I, II",Sim,Não
3211603,Cunhagem de moedas e medalhas,II,Sim,Sim
8599602,Cursos de pilotagem,III,Sim,Não
8599605,Cursos preparatórios para concursos,III,Sim,Sim
1510600,Curtimento e outras preparações de couro,"I, II",Sim,Sim
2399101,"Decoração, lapidação, gravação, vitrificação e outros trabalhos em cerâmica, louça, vidro e cristal","II, III",Sim,Sim
8422100,Defesa,,Não,Não
8425600,Defesa Civil,,Não,Não
4311801,Demolição de edifícios e outras estruturas,IV,Sim,Não
5211799,"Depósitos de mercadorias para terceiros, exceto armazéns gerais e guardamóveis",III,Sim,Não
3900500,Descontaminação e outros serviços de gestão de resíduos,V,Sim,Não
6201501,Desenvolvimento de programas de computador sob encomenda,III,Sim,Não
6202300,Desenvolvimento e licenciamento de programas de computador customizáveis,III,Sim,Não
6203100,Desenvolvimento e licenciamento de programas de computador não customizáveis,"I, III",Sim,Não
7410202,Design de interiores,"IV, V",Sim,Não
7410203,Desing de produto,V,Sim,Não
9329801,"Discotecas, danceterias, salões de dança e similares",III,Sim,Não
5913800,"Distribuição cinematográfica, de vídeo e de programas de televisão","I, III",Sim,Não
3600602,Distribuição de água por caminhões,"I, III, III",Sim,Sim
3520402,Distribuição de combustíveis gasosos por redes urbanas,"I, III, V",Sim,Não
3514000,Distribuição de energia elétrica,,Não,Não
6612602,Distribuidoras de títulos e valores mobiliários,,Não,Não
5819100,"Edição de cadastros, listas e outros produtos gráficos","I, III, V",Sim,Sim
5812301,Edição de jornais diários,"II, III, V",Sim,Sim
5812302,Edição de jornais não diários,"II, III, V",Sim,Sim
5811500,Edição de livros,"I, III, V",Sim,Sim
5813100,Edição de revistas,"I, III, V",Sim,Sim
5829800,"Edição integrada à impressão de cadastros, listas e outros produtos gráficos","II, III",Sim,Não
5822101,Edição integrada à impressão de jornais diários,"II, III, V",Sim,Não
5822102,Edição integrada à impressão de jornais não diários,"II, III, V",Sim,Não
5821200,Edição integrada à impressão de livros,"II, III",Sim,Não
5823900,Edição integrada à impressão de revistas,"II, III",Sim,Não
8511200,Educação infantil creche,III,Sim,Não
8512100,Educação infantil préescola,III,Sim,Não
8541400,Educação profissional de nível técnico,III,Sim,Não
8542200,Educação profissional de nível tecnológico,V,Sim,Não
8531700,Educação superior graduação,V,Sim,Não
8532500,Educação superior graduação e pósgraduação,V,Sim,Não
8533300,Educação superior pósgraduação e extensão,V,Sim,Não
2019301,Elaboração de combustíveis nucleares,II,Sim,Não
8299702,"Emissão de valesalimentação, valestransporte e similares",V,Sim,Não
8592999,Ensino de arte e cultura não especificado anteriormente,III,Sim,Sim
8592902,"Ensino de artes cênicas, exceto dança",III,Sim,Sim
8592901,Ensino de dança,III,Sim,Não
8591100,Ensino de esportes,III,Sim,Não
8593700,Ensino de idiomas,III,Sim,Sim
8592903,Ensino de música,III,Sim,Sim
8513900,Ensino fundamental,III,Sim,Não
8520100,Ensino médio,III,Sim,Não
8292000,Envasamento e empacotamento sob contrato,"II, III",Sim,Sim
7490102,Escafandria e mergulho,III,Sim,Sim
5223100,Estacionamento de veículos,III,Sim,Sim
1340501,"Estamparia e texturização em fios, tecidos, artefatos têxteis e peças do vestuário","II, III",Sim,Sim
5911101,Estúdios cinematográficos,III,Sim,Não
9200302,Exploração de apostas em corridas de cavalos,III,Sim,Não
9329802,Exploração de boliches,III,Sim,Não
9200399,Exploração de jogos de azar e apostas não especificados anteriormente,III,Sim,Não
9329803,"Exploração de jogos de sinuca, bilhar e similares",III,Sim,Sim
9329804,Exploração de jogos eletrônicos recreativos,III,Sim,Sim
9609204,Exploração de máquinas de serviços pessoais acionadas por moeda,III,Sim,Não
0899103,Extração de amianto,"I, II",Sim,Não
0810001,Extração de ardósia e beneficiamento associado,"I, II",Sim,Não
0810006,"Extração de areia, cascalho ou pedregulho e beneficiamento associado","I, II",Sim,Não
0810007,Extração de argila e beneficiamento associado,"I, II",Sim,Não
0810009,Extração de basalto e beneficiamento associado,II,Sim,Não
0810004,Extração de calcário e dolomita e beneficiamento associado,"I, II",Sim,Não
0500301,Extração de carvão mineral,"I, II",Sim,Não
0893200,Extração de gemas (pedras preciosas e semipreciosas),"I, II",Sim,Não
0810005,Extração de gesso e caulim,"I, II",Sim,Não
0899101,Extração de grafita,II,Sim,Não
0810002,Extração de granito e beneficiamento associado,"I, II",Sim,Não
0220901,Extração de madeira em florestas nativas,"I, II",Sim,Não
0210107,Extração de madeira em florestas plantadas,"I, II",Sim,Não
0810003,Extração de mármore e beneficiamento associado,"I, II",Sim,Não
0891600,"Extração de minerais para fabricação de adubos, fertilizantes e outros produtos químicos","I, II",Sim,Não
0725100,Extração de minerais radioativos,"I, II",Sim,Não
0721901,Extração de minério de alumínio,"I, II",Sim,Não
0722701,Extração de minério de estanho,"I, II",Sim,Não
0710301,Extração de minério de ferro,"I, II",Sim,Não
0723501,Extração de minério de manganês,"I, II",Sim,Não
0724301,Extração de minério de metais preciosos,"I, II",Sim,Não
0729403,Extração de minério de níquel,"I, II",Sim,Não
0729402,Extração de minério de tungstênio,"I, II",Sim,Não
0729404,"Extração de minérios de cobre, chumbo, zinco e outros minerais metálicos não ferrosos não especificados anteriormente","I, II",Sim,Não
0729401,Extração de minérios de nióbio e titânio,"I, II",Sim,Não
0899199,Extração de outros minerais não metálicos não especificados anteriormente,"I, II",Sim,Não
0600001,Extração de petróleo e gás natural,"I, II",Sim,Não
0899102,Extração de quartzo,"I, II",Sim,Não
0810008,Extração de saibro e beneficiamento associado,"I, II",Sim,Não
0892401,Extração de sal marinho,"I, II",Sim,Sim
0892402,Extração de salgema,II,Sim,Não
0600003,Extração e beneficiamento de areias betuminosas,II,Sim,Não
0600002,Extração e beneficiamento de xisto,II,Sim,Não
0810099,Extração e britamento de pedras e outros materiais para construção e beneficiamento associado,"I, II",Sim,Não
2399102,Fabricação de abrasivos,"I, II",Sim,Não
1742702,Fabricação de absorventes higiênicos,II,Sim,Sim
1414200,"Fabricação de acessórios do vestuário, exceto para segurança e proteção","II, III",Sim,Sim
1072401,Fabricação de açúcar de cana refinado,II,Sim,Não
1072402,Fabricação de açúcar de cereais (dextrose) e de beterraba,"I, II",Sim,Não
1071600,Fabricação de açúcar em bruto,"I, II",Sim,Sim
2091600,Fabricação de adesivos e selantes,"I, II",Sim,Não
2093200,Fabricação de aditivos de uso industrial,"I, II",Sim,Não
1099606,Fabricação de adoçantes naturais e artificiais,II,Sim,Não
2013401,Fabricação de adubos e fertilizantes organominerais,"I, II",Sim,Não
2013402,"Fabricação de adubos e fertilizantes, exceto organominerais","I, II",Sim,Não
3041500,Fabricação de aeronaves,II,Sim,Não
1111901,Fabricação de aguardente de canadeaçúcar,II,Sim,Não
1121600,Fabricação de águas envasadas,"I, II",Sim,Não
1931400,Fabricação de álcool,"I, II",Sim,Não
1099607,Fabricação de alimentos dietéticos e complementos alimentares,II,Sim,Não
1096100,Fabricação de alimentos e pratos prontos,II,Sim,Sim
1066000,Fabricação de alimentos para animais,II,Sim,Não
1065101,Fabricação de amidos e féculas de vegetais,"I, II",Sim,Sim
2449103,Fabricação de ânodos para galvanoplastia,II,Sim,Não
2640000,"Fabricação de aparelhos de recepção, reprodução, gravação e amplificação de áudio e vídeo",II,Sim,Não
2824101,Fabricação de aparelhos e equipamentos de ar condicionado para uso industrial,II,Sim,Não
2824102,Fabricação de aparelhos e equipamentos de ar condicionado para uso não industrial,II,Sim,Não
2651500,"Fabricação de aparelhos e equipamentos de medida, teste e controle",II,Sim,Não
2731700,Fabricação de aparelhos e equipamentos para distribuição e controle de energia elétrica,"I, II",Sim,Não
3250703,Fabricação de aparelhos e utensílios para correção de defeitos físicos e aparelhos ortopédicos em geral sob encomenda,II,Sim,Não
3250704,"Fabricação de aparelhos e utensílios para correção de defeitos físicos e aparelhos ortopédicos em geral, exceto sob encomenda",II,Sim,Não
2759701,"Fabricação de aparelhos elétricos de uso pessoal, peças e acessórios",II,Sim,Não
2660400,Fabricação de aparelhos eletromédicos e eletroterapêuticos e equipamentos de irradiação,II,Sim,Não
2670102,"Fabricação de aparelhos fotográficos e cinematográficos, peças e acessórios",II,Sim,Não
2632900,"Fabricação de aparelhos telefônicos e de outros equipamentos de comunicação, peças e acessórios",II,Sim,Não
2550102,"Fabricação de armas de fogo, outras armas e munições",,Não,Não
2219600,"Fabricação de artefatos de borracha não especificados 
anteriormente","I, II",Sim,Sim
2342702,"Fabricação de artefatos de cerâmica e barro cozido para uso na construção, exceto azulejos e pisos",II,Sim,Sim
2330302,Fabricação de artefatos de cimento para uso na construção,II,Sim,Não
1353700,Fabricação de artefatos de cordoaria,"I, II",Sim,Sim
1529700,Fabricação de artefatos de couro não especificados anteriormente,II,Sim,Sim
2330303,Fabricação de artefatos de fibrocimento para uso na construção,II,Sim,Não
3211602,Fabricação de artefatos de joalheria e ourivesaria,II,Sim,Sim
2229399,Fabricação de artefatos de material plástico para outros usos não especificados anteriormente,II,Sim,Sim
2229303,"Fabricação de artefatos de material plástico para uso na construção, exceto tubos e acessórios",II,Sim,Não
2229301,Fabricação de artefatos de material plástico para uso pessoal e doméstico,II,Sim,Não
2229302,Fabricação de artefatos de material plástico para usos industriais,II,Sim,Não
1623400,Fabricação de artefatos de tanoaria e de embalagens de madeira,II,Sim,Sim
1352900,Fabricação de artefatos de tapeçaria,II,Sim,Sim
1629302,"Fabricação de artefatos diversos de cortiça, bambu, palha, vime e outros materiais trançados, exceto móveis","I, II",Sim,Sim
1629301,"Fabricação de artefatos diversos de madeira, exceto móveis","I, II",Sim,Sim
3230200,Fabricação de artefatos para pesca e esporte,II,Sim,Sim
1351100,Fabricação de artefatos têxteis para uso doméstico,"I, II",Sim,Sim
2541100,Fabricação de artigos de cutelaria,II,Sim,Sim
2593400,Fabricação de artigos de metal para uso doméstico e pessoal,II,Sim,Não
2542000,"Fabricação de artigos de serralheria, exceto esquadrias",II,Sim,Sim
2319200,Fabricação de artigos de vidro,II,Sim,Sim
1422300,"Fabricação de artigos do vestuário, produzidos em malharias e tricotagens, exceto meias","II, III",Sim,Sim
3250707,Fabricação de artigos ópticos,II,Sim,Não
1521100,"Fabricação de artigos para viagem, bolsas e semelhantes de qualquer material",II,Sim,Sim
2092402,Fabricação de artigos pirotécnicos,II,Sim,Sim
2910701,"Fabricação de automóveis, camionetas e utilitários",,Não,Não
3299005,Fabricação de aviamentos para costura,II,Sim,Sim
2342701,Fabricação de azulejos e pisos,II,Sim,Não
2949201,Fabricação de bancos e estofados para veículos automotores,II,Sim,Não
2722801,Fabricação de baterias e acumuladores para veículos automotores,II,Sim,Não
1122404,Fabricação de bebidas isotônicas,II,Sim,Não
3092000,"Fabricação de bicicletas e triciclos não motorizados, peças e acessórios",II,Sim,Não
3212400,Fabricação de bijuterias e artefatos semelhantes,II,Sim,Sim
1932200,"Fabricação de biocombustíveis, exceto álcool","I, II",Sim,Não
1092900,Fabricação de biscoitos e bolachas,II,Sim,Sim
2930101,"Fabricação de cabines, carrocerias e reboques para caminhões",II,Sim,Não
2930103,"Fabricação de cabines, carrocerias e reboques para outros veículos automotores, exceto caminhões e ônibus",II,Sim,Não
2392300,Fabricação de cal e gesso,"I, II",Sim,Não
1531901,Fabricação de calçados de couro,II,Sim,Sim
1539400,"Fabricação de calçados de materiais não especificados
anteriormente",II,Sim,Sim
1533500,Fabricação de calçados de material sintético,II,Sim,Não
2522500,"Fabricação de caldeiras geradoras de vapor, exceto para aquecimento central e para veículos","II, III",Sim,Não
2920401,Fabricação de caminhões e ônibus,II,Sim,Não
3299002,"Fabricação de canetas, lápis e outros artigos para escritório",II,Sim,Sim
2930102,Fabricação de carrocerias para ônibus,II,Sim,Não
1722200,Fabricação de cartolina e papelcartão,II,Sim,Não
1622601,Fabricação de casas de madeira préfabricadas,II,Sim,Não
2330304,Fabricação de casas prémoldadas de concreto,II,Sim,Não
2094100,Fabricação de catalisadores,"I, II",Sim,Não
1710900,Fabricação de celulose e outras pastas para a fabricação de papel,II,Sim,Não
1113502,Fabricação de cervejas e chopes,II,Sim,Não
1122402,Fabricação de chá mate e outros chás prontos para consumo,II,Sim,Não
1733800,Fabricação de chapas e de embalagens de papelão ondulado,II,Sim,Não
2099101,"Fabricação de chapas, filmes, papéis e outros materiais e produtos químicos para fotografia",II,Sim,Não
2910702,"Fabricação de chassis com motor para automóveis, camionetas e utilitários",II,Sim,Não
1220402,Fabricação de cigarrilhas e charutos,,Não,Não
1220401,Fabricação de cigarros,,Não,Não
2320600,Fabricação de cimento,II,Sim,Não
2011800,Fabricação de cloro e álcalis,II,Sim,Não
3104700,Fabricação de colchões,II,Sim,Sim
2610800,Fabricação de componentes eletrônicos,II,Sim,Não
2814301,"Fabricação de compressores para uso industrial, peças e acessórios","II, III",Sim,Não
2814302,"Fabricação de compressores para uso não industrial, peças e acessórios","II, III",Sim,Não
1031700,Fabricação de conservas de frutas,"I, II",Sim,Sim
1032599,"Fabricação de conservas de legumes e outros vegetais, exceto palmito","I, II",Sim,Sim
1032501,Fabricação de conservas de palmito,II,Sim,Não
1020102,"Fabricação de conservas de peixes, crustáceos e moluscos","I, II",Sim,Não
2063100,"Fabricação de cosméticos, produtos de perfumaria e de higiene pessoal",II,Sim,Sim
2652300,Fabricação de cronômetros e relógios,II,Sim,Não
2051700,Fabricação de defensivos agrícolas,"I, II",Sim,Não
2052500,Fabricação de desinfestantes domissanitários,II,Sim,Sim
2033900,Fabricação de elastômeros,II,Sim,Não
2790201,"Fabricação de eletrodos, contatos e outros artigos de carvão e grafita para uso elétrico, eletroímãs e isoladores",II,Sim,Não
1732000,Fabricação de embalagens de cartolina e papelcartão,II,Sim,Sim
2222600,Fabricação de embalagens de material plástico,II,Sim,Não
1731100,Fabricação de embalagens de papel,II,Sim,Sim
2312500,Fabricação de embalagens de vidro,II,Sim,Não
2591800,Fabricação de embalagens metálicas,II,Sim,Não
2550101,"Fabricação de equipamento bélico pesado, exceto veículos militares de combate",,Não,Não
2621300,Fabricação de equipamentos de informática,II,Sim,Não
2815102,"Fabricação de equipamentos de transmissão para fins industriais, exceto rolamentos",II,Sim,Não
3099700,Fabricação de equipamentos de transporte não especificados anteriormente,II,Sim,Não
3292202,Fabricação de equipamentos e acessórios para segurança pessoal e profissional,II,Sim,Sim
2670101,"Fabricação de equipamentos e instrumentos ópticos, peças e acessórios",II,Sim,Não
2812700,"Fabricação de equipamentos hidráulicos e pneumáticos, peças e acessórios, exceto válvulas","II, III",Sim,Não
2832100,"Fabricação de equipamentos para irrigação agrícola, peças e acessórios","II, III",Sim,Não
2790202,Fabricação de equipamentos para sinalização e alarme,II,Sim,Não
2631100,"Fabricação de equipamentos transmissores de comunicação, peças e acessórios",II,Sim,Não
3291400,"Fabricação de escovas, pincéis e vassouras","I, II",Sim,Sim
1095300,"Fabricação de especiarias, molhos, temperos e condimentos","I, II",Sim,Sim
1622602,Fabricação de esquadrias de madeira e de peças de madeira para instalações industriais e comerciais,"I, II",Sim,Não
2512800,Fabricação de esquadrias de metal,"II, III",Sim,Sim
2511000,Fabricação de estruturas metálicas,"II, III",Sim,Não
2330301,"Fabricação de estruturas prémoldadas de concreto armado, em série e sob encomenda","II, III",Sim,Não
2821602,"Fabricação de estufas e fornos elétricos para fins industriais, peças e acessórios","II, III",Sim,Não
1063500,Fabricação de farinha de mandioca e derivados,"I, II",Sim,Sim
1064300,"Fabricação de farinha de milho e derivados, exceto óleos de milho","I, II",Sim,Sim
1099603,Fabricação de fermentos e leveduras,"I, II",Sim,Não
2543800,Fabricação de ferramentas,II,Sim,Sim
2040100,Fabricação de fibras artificiais e sintéticas,II,Sim,Não
1220403,Fabricação de filtros para cigarros,,Não,Não
2733300,"Fabricação de fios, cabos e condutores elétricos isolados",II,Sim,Não
2751100,"Fabricação de fogões, refrigeradores e máquinas de lavar e secar para uso doméstico, peças e acessórios",II,Sim,Não
1741901,Fabricação de formulários contínuos,II,Sim,Não
2821601,"Fabricação de fornos industriais, aparelhos e equipamentos não elétricos para instalações térmicas, peças e acessórios","II, III",Sim,Não
2092403,Fabricação de fósforos de segurança,II,Sim,Não
1742701,Fabricação de fraldas descartáveis,II,Sim,Sim
1093702,"Fabricação de frutas cristalizadas, balas e semelhantes",II,Sim,Sim
2014200,Fabricação de gases industriais,"I, II",Sim,Não
1099604,Fabricação de gelo comum,I,Sim,Sim
2710401,"Fabricação de geradores de corrente contínua e alternada, peças e acessórios",II,Sim,Não
3299001,Fabricação de guardachuvas e similares,II,Sim,Sim
2073800,"Fabricação de impermeabilizantes, solventes e produtos afins",II,Sim,Não
3220500,"Fabricação de instrumentos musicais, peças e acessórios",II,Sim,Sim
3250701,"Fabricação de instrumentos não eletrônicos e utensílios para uso médico, cirúrgico, odontológico e de laboratório",II,Sim,Não
2012600,Fabricação de intermediários para fertilizantes,"I, II",Sim,Não
2022300,"Fabricação de intermediários para plastificantes, resinas e fibras",II,Sim,Não
3240001,Fabricação de jogos eletrônicos,II,Sim,Não
2221800,Fabricação de laminados planos e tubulares de material plástico,II,Sim,Não
2740601,Fabricação de lâmpadas,II,Sim,Não
1052000,Fabricação de laticínios,"I, II",Sim,Sim
3299003,"Fabricação de letras, letreiros e placas de qualquer material, exceto luminosos",II,Sim,Sim
1314600,Fabricação de linhas para costurar e bordar,"I, II",Sim,Não
3031800,"Fabricação de locomotivas, vagões e outros materiais rodantes",II,Sim,Não
2740602,Fabricação de luminárias e outros equipamentos de iluminação,II,Sim,Sim
1621800,"Fabricação de madeira laminada e de chapas de madeira compensada, prensada e aglomerada",II,Sim,Não
1113501,"Fabricação de malte, inclusive malte uísque",II,Sim,Não
2829101,"Fabricação de máquinas de escrever, calcular e outros equipamentos não eletrônicos para escritório, peças e acessórios",II,Sim,Não
2823200,"Fabricação de máquinas e aparelhos de refrigeração e ventilação para uso industrial e comercial, peças e acessórios","II, III",Sim,Não
2833000,"Fabricação de máquinas e equipamentos para a agricultura e pecuária, peças e acessórios, exceto para irrigação","I, II, III",Sim,Não
2866600,"Fabricação de máquinas e equipamentos para a indústria do plástico, peças e acessórios","II, III",Sim,Não
2863100,"Fabricação de máquinas e equipamentos para a indústria têxtil, peças e acessórios","II, III",Sim,Não
2851800,"Fabricação de máquinas e equipamentos para a prospecção e extração de petróleo, peças e acessórios","II, III",Sim,Não
2862300,"Fabricação de máquinas e equipamentos para as indústrias de alimentos, bebidas e fumo, peças e acessórios","I, II, III",Sim,Não
2865800,"Fabricação de máquinas e equipamentos para as indústrias de celulose, papel e papelão e artefatos, peças e acessórios","II, III",Sim,Não
2864000,"Fabricação de máquinas e equipamentos para as indústrias do vestuário, do couro e de calçados, peças e acessórios","II, III",Sim,Não
2825900,"Fabricação de máquinas e equipamentos para saneamento básico e ambiental, peças e acessórios",II,Sim,Não
2854200,"Fabricação de máquinas e equipamentos para terraplenagem, pavimentação e construção, peças e acessórios, exceto tratores","II, III",Sim,Não
2869100,"Fabricação de máquinas e equipamentos para uso industrial específico não especificados anteriormente, peças e acessórios","I, II, III",Sim,Não
2861500,"Fabricação de máquinas para a indústria metalúrgica, peças e acessórios, exceto máquinasferramenta","II, III",Sim,Não
2822402,"Fabricação de máquinas, equipamentos e aparelhos para transporte e elevação de cargas, peças e acessórios","II, III",Sim,Não
2822401,"Fabricação de máquinas, equipamentos e aparelhos para transporte e elevação de pessoas, peças e acessórios","II, III",Sim,Não
2840200,"Fabricação de máquinasferramenta, peças e acessórios","II, III",Sim,Não
1043100,Fabricação de margarina e outras gorduras vegetais e de óleos não comestíveis de animais,"I, II",Sim,Não
1094500,Fabricação de massas alimentícias,II,Sim,Sim
3250705,Fabricação de materiais para medicina e odontologia,"I, II",Sim,Não
2945000,"Fabricação de material elétrico e eletrônico para veículos automotores, exceto baterias",II,Sim,Não
2732500,Fabricação de material elétrico para instalações em circuito de consumo,II,Sim,Não
2349401,Fabricação de material sanitário de cerâmica,II,Sim,Não
2121101,Fabricação de medicamentos alopáticos para uso humano,II,Sim,Não
2121103,Fabricação de medicamentos fitoterápicos para uso humano,II,Sim,Não
2121102,Fabricação de medicamentos homeopáticos para uso humano,II,Sim,Não
2122000,Fabricação de medicamentos para uso veterinário,II,Sim,Não
1421500,Fabricação de meias,"II, III",Sim,Sim
3240003,"Fabricação de mesas de bilhar, de sinuca e acessórios associada à locação",II,Sim,Não
3240002,"Fabricação de mesas de bilhar, de sinuca e acessórios não associada à locação",II,Sim,Não
2680900,"Fabricação de mídias virgens, magnéticas e ópticas",II,Sim,Não
3250702,"Fabricação de mobiliário para uso médico, cirúrgico, odontológico e de laboratório",II,Sim,Não
3091101,Fabricação de motocicletas,,Não,Não
2811900,"Fabricação de motores e turbinas, peças e acessórios, exceto para aviões e veículos rodoviários","II, III",Sim,Não
2710403,"Fabricação de motores elétricos, peças e acessórios",II,Sim,Não
2910703,"Fabricação de motores para automóveis, camionetas e utilitários",II,Sim,Não
2920402,Fabricação de motores para caminhões e ônibus,II,Sim,Não
3101200,Fabricação de móveis com predominância de madeira,"II, III",Sim,Sim
3102100,Fabricação de móveis com predominância de metal,"II, III",Sim,Sim
3103900,"Fabricação de móveis de outros materiais, exceto madeira e metal",II,Sim,Sim
2513600,Fabricação de obras de caldeiraria pesada,"II, III",Sim,Não
1065102,Fabricação de óleo de milho em bruto,II,Sim,Não
1065103,Fabricação de óleo de milho refinado,II,Sim,Não
1041400,"Fabricação de óleos vegetais em bruto, exceto óleo de milho","I, II",Sim,Não
1042200,"Fabricação de óleos vegetais refinados, exceto óleo de milho","I, II",Sim,Não
1111902,Fabricação de outras aguardentes e bebidas destiladas,"I, II",Sim,Não
1122499,Fabricação de outras bebidas não alcoólicas não especificadas anteriormente,II,Sim,Sim
2829199,"Fabricação de outras máquinas e equipamentos de uso geral não especificados anteriormente, peças e acessórios","II, III",Sim,Não
2852600,"Fabricação de outras máquinas e equipamentos para uso na extração mineral, peças e acessórios, exceto na extração de petróleo","II, III",Sim,Não
2949299,Fabricação de outras peças e acessórios para veículos automotores não especificadas anteriormente,II,Sim,Não
2759799,"Fabricação de outros aparelhos eletrodomésticos não especificados anteriormente, peças e acessórios",II,Sim,Não
2330399,"Fabricação de outros artefatos e produtos de concreto, cimento, fibrocimento, gesso e materiais semelhantes",II,Sim,Sim
1622699,Fabricação de outros artigos de carpintaria para construção,II,Sim,Sim
3240099,Fabricação de outros brinquedos e jogos recreativos não especificados anteriormente,II,Sim,Sim
2790299,Fabricação de outros equipamentos e aparelhos elétricos não especificados anteriormente,"I, II",Sim,Não
1099699,Fabricação de outros produtos alimentícios não especificados anteriormente,"I, II",Sim,Sim
2599399,Fabricação de outros produtos de metal não especificados anteriormente,II,Sim,Sim
2399199,Fabricação de outros produtos de minerais não metálicos não especificados anteriormente,"I, II",Sim,Não
1922599,"Fabricação de outros produtos derivados do petróleo, exceto produtos do refino","I, II",Sim,Não
1220499,"Fabricação de outros produtos do fumo, exceto cigarros, cigarrilhas e charutos",II,Sim,Sim
2019399,Fabricação de outros produtos químicos inorgânicos não especificados anteriormente,"I, II",Sim,Não
2099199,Fabricação de outros produtos químicos não especificados anteriormente,"I, II",Sim,Não
1359600,Fabricação de outros produtos têxteis não especificados anteriormente,"I, II",Sim,Sim
3299004,Fabricação de painéis e letreiros luminosos,II,Sim,Sim
1721400,Fabricação de papel,"I, II",Sim,Sim
1540800,"Fabricação de partes para calçados, de qualquer material",II,Sim,Sim
3091102,Fabricação de peças e acessórios para motocicletas,II,Sim,Não
2944100,Fabricação de peças e acessórios para o sistema de direção e suspensão de veículos automotores,II,Sim,Não
2943300,Fabricação de peças e acessórios para o sistema de freios de veículos automotores,II,Sim,Não
2941700,Fabricação de peças e acessórios para o sistema motor de veículos automotores,II,Sim,Não
2942500,Fabricação de peças e acessórios para os sistemas de marcha e transmissão de veículos automotores,II,Sim,Não
3032600,Fabricação de peças e acessórios para veículos ferroviários,II,Sim,Não
2622100,Fabricação de periféricos para equipamentos de informática,II,Sim,Não
2721000,"Fabricação de pilhas, baterias e acumuladores elétricos, exceto para veículos automotores",II,Sim,Não
2211100,Fabricação de pneumáticos e de câmarasdear,II,Sim,Não
2092401,"Fabricação de pólvoras, explosivos e detonantes",,Não,Não
1099602,Fabricação de pósalimentícios,II,Sim,Não
2123800,Fabricação de preparações farmacêuticas,II,Sim,Não
1082100,Fabricação de produtos à base de café,II,Sim,Não
2349499,Fabricação de produtos cerâmicos não refratários não especificados anteriormente,II,Sim,Sim
2341900,Fabricação de produtos cerâmicos refratários,II,Sim,Não
1013901,Fabricação de produtos de carne,II,Sim,Sim
2062200,Fabricação de produtos de limpeza e polimento,II,Sim,Sim
1091102,Fabricação de produtos de padaria e confeitaria com predominância de produção própria,"I, II",Sim,Sim
1091101,Fabricação de produtos de panificação industrial,II,Sim,Sim
1742799,Fabricação de produtos de papel para uso doméstico e higiênicosanitário não especificados anteriormente,II,Sim,Sim
1741902,"Fabricação de produtos de papel, cartolina, papelcartão e papelão ondulado para uso comercial e de escritório","I, II",Sim,Não
1749400,"Fabricação de produtos de pastas celulósicas, papel, cartolina, papelcartão e papelão ondulado não especificados anteriormente",II,Sim,Sim
2592601,Fabricação de produtos de trefilados de metal padronizados,II,Sim,Não
2592602,"Fabricação de produtos de trefilados de metal, exceto padronizados",II,Sim,Não
1093701,Fabricação de produtos derivados do cacau e de chocolates,II,Sim,Sim
3299099,Fabricação de produtos diversos não especificados anteriormente,"I, II",Sim,Sim
1061902,Fabricação de produtos do arroz,II,Sim,Sim
1921700,Fabricação de produtos do refino de petróleo,"I, II",Sim,Não
2110600,Fabricação de produtos farmoquímicos,"I, II",Sim,Não
1099605,"Fabricação de produtos para infusão (chá, mate, etc.)",II,Sim,Sim
2021500,Fabricação de produtos petroquímicos básicos,II,Sim,Não
2029100,Fabricação de produtos químicos orgânicos não especificados anteriormente,"I, II",Sim,Não
1122403,"Fabricação de refrescos, xaropes e pós para refrescos, exceto refrescos de frutas",II,Sim,Sim
1122401,Fabricação de refrigerantes,II,Sim,Não
2032100,Fabricação de resinas termofixas,II,Sim,Não
2031200,Fabricação de resinas termoplásticas,II,Sim,Não
2815101,Fabricação de rolamentos para fins industriais,II,Sim,Não
3292201,Fabricação de roupas de proteção e segurança e resistentes a fogo,II,Sim,Não
2061400,Fabricação de sabões e detergentes sintéticos,II,Sim,Sim
1053800,Fabricação de sorvetes e outros gelados comestíveis,II,Sim,Não
1033301,"Fabricação de sucos concentrados de frutas, hortaliças e legumes",II,Sim,Sim
1033302,"Fabricação de sucos de frutas, hortaliças e legumes, exceto concentrados","I, II",Sim,Sim
2521700,"Fabricação de tanques, reservatórios metálicos e caldeiras para aquecimento central","II, III",Sim,Não
1330800,Fabricação de tecidos de malha,II,Sim,Não
1354500,"Fabricação de tecidos especiais, inclusive artefatos",II,Sim,Não
1532700,Fabricação de tênis de qualquer material,II,Sim,Não
2072000,Fabricação de tintas de impressão,II,Sim,Não
2071100,"Fabricação de tintas, vernizes, esmaltes e lacas",II,Sim,Não
2710402,"Fabricação de transformadores, indutores, conversores, sincronizadores e semelhantes, peças e acessórios",II,Sim,Não
2831300,"Fabricação de tratores agrícolas, peças e acessórios",II,Sim,Não
2853400,"Fabricação de tratores, peças e acessórios, exceto agrícolas","II, III",Sim,Não
2223400,Fabricação de tubos e acessórios de material plástico para uso na construção,II,Sim,Não
3042300,"Fabricação de turbinas, motores e outros componentes e peças para aeronaves",II,Sim,Não
2813500,"Fabricação de válvulas, registros e dispositivos semelhantes, peças e acessórios","II, III",Sim,Não
3050400,Fabricação de veículos militares de combate,II,Sim,Não
3299006,"Fabricação de velas, inclusive decorativas",II,Sim,Sim
2311700,Fabricação de vidro plano e de segurança,"I, II",Sim,Não
1099601,Fabricação de vinagres,II,Sim,Sim
1112700,Fabricação de vinho,"I, II",Sim,Não
1412603,"Facção de peças do vestuário, exceto roupas íntimas","II, III",Sim,Sim
1411802,Facção de roupas íntimas,"II, III",Sim,Sim
1413403,Facção de roupas profissionais,"II, III",Sim,Sim
1313800,Fiação de fibras artificiais e sintéticas,"I, II",Sim,Não
7420004,Filmagem de festas e eventos,III,Sim,Sim
8599601,Formação de condutores,III,Sim,Não
1922501,Formulação de combustíveis,II,Sim,Não
5620104,Fornecimento de alimentos preparados preponderantemente para consumo domiciliar,I,Sim,Sim
5620101,Fornecimento de alimentos preparados preponderantemente para empresas,"I, III",Sim,Sim
7830200,Fornecimento e gestão de recursos humanos para terceiros,,Não,Não
8219901,Fotocópias,III,Sim,Sim
1011201,Frigorífico abate de bovinos,"I, II",Sim,Não
1011204,Frigorífico abate de bufalinos,"I, II",Sim,Não
1011202,Frigorífico abate de equinos,"I, II",Sim,Não
1011203,Frigorífico abate de ovinos e caprinos,"I, II",Sim,Não
1012103,Frigorífico abate de suínos,"I, II",Sim,Não
2451200,Fundição de ferro e aço,II,Sim,Não
2452100,Fundição de metais não ferrosos e suas ligas,II,Sim,Não
6499903,Fundo garantidor de crédito,,Não,Não
6470103,Fundos de investimento imobiliários,,Não,Não
6470102,Fundos de investimento previdenciários,,Não,Não
6470101,"Fundos de investimento, exceto previdenciários e imobiliários",,Não,Não
3511501,Geração de energia elétrica,,Não,Não
7740300,Gestão de ativos intangíveis não financeiros,V,Sim,Não
9003500,"Gestão de espaços para artes cênicas, espetáculos e outras atividades artísticas",III,Sim,Não
9311500,Gestão de instalações de esportes,III,Sim,Não
3701100,Gestão de redes de esgoto,V,Sim,Não
5231103,Gestão de terminais aquaviários,V,Sim,Não
6822600,Gestão e administração da propriedade imobiliária,"III, V",Sim,Não
9603301,Gestão e manutenção de cemitérios,III,Sim,Não
5211702,Guardamóveis,III,Sim,Sim
9609208,Higiene e embelezamento de animais domésticos,III,Sim,Sim
6461100,Holdings de instituições financeiras,,Não,Não
6462000,Holdings de instituições não financeiras,,Não,Não
0121101,"Horticultura, exceto morango","I, II",Sim,Sim
5510801,Hotéis,III,Sim,Não
4330401,Impermeabilização em obras de engenharia civil,"III, IV",Sim,Não
1811301,Impressão de jornais,"I, II, III",Sim,Não
1811302,"Impressão de livros, revistas e outras publicações periódicas","I, II, III",Sim,Não
1812100,Impressão de material de segurança,"II, III",Sim,Não
1813099,Impressão de material para outros usos,"II, III",Sim,Sim
1813001,Impressão de material para uso publicitário,"II, III",Sim,Sim
8122200,Imunização e controle de pragas urbanas,IV,Sim,Sim
4110700,Incorporação de empreendimentos imobiliários,,Não,Não
4329102,"Instalação de equipamentos para orientação à navegação marítima, fluvial e lacustre",III,Sim,Sim
3321000,Instalação de máquinas e equipamentos industriais,III,Sim,Sim
3329599,Instalação de outros equipamentos não especificados anteriormente,III,Sim,Não
4329101,Instalação de painéis publicitários,III,Sim,Sim
4330402,"Instalação de portas, janelas, tetos, divisórias e armários embutidos de qualquer material","III, III, IV",Sim,Sim
4322302,"Instalação e manutenção de sistemas centrais de ar condicionado, de ventilação e refrigeração","III, IV",Sim,Sim
4321500,Instalação e manutenção elétrica,"III, IV",Sim,Sim
4329103,"Instalação, manutenção e reparação de elevadores, escadas e esteiras rolantes","III, IV",Sim,Sim
4322303,Instalações de sistema de prevenção contra incêndio,"III, IV",Sim,Sim
4322301,"Instalações hidráulicas, sanitárias e de gás","III, IV",Sim,Sim
8711502,Instituições de longa permanência para idosos,III,Sim,Não
8423000,Justiça,,Não,Não
8640202,Laboratórios clínicos,III,Sim,Não
8640201,Laboratórios de anatomia patológica e citológica,III,Sim,Não
7420003,Laboratórios fotográficos,III,Sim,Sim
5611203,"Lanchonetes, casas de chá, de sucos e similares",I,Sim,Sim
3211601,Lapidação de gemas,II,Sim,Sim
9601701,Lavanderias,III,Sim,Sim
8299704,Leiloeiros independentes,,Não,Não
8121400,Limpeza em prédios e em domicílios,IV,Sim,Não
7719502,Locação de aeronaves sem tripulação,III,Sim,Não
7711000,Locação de automóveis sem condutor,III,Sim,Não
7719501,"Locação de embarcações sem tripulação, exceto para fins
recreativos",III,Sim,Não
7820500,Locação de mão de obra temporária,,Não,Não
7719599,"Locação de outros meios de transporte não especificados anteriormente, sem condutor",III,Sim,Sim
4713004,"Lojas de departamentos ou magazines, exceto lojas francas (Duty free)",I,Sim,Não
4713002,"Lojas de variedades, exceto lojas de departamentos ou magazines",I,Sim,Sim
4713005,"Lojas francas (Duty Free) de aeroportos, portos e em fronteiras terrestres",I,Sim,Não
6810203,Loteamento de imóveis próprios,,Não,Não
3316302,Manutenção de aeronaves na pista,III,Sim,Não
4221905,Manutenção de estações e redes de telecomunicações,"III, IV",Sim,Não
4221903,Manutenção de redes de distribuição de energia elétrica,"III, IV",Sim,Não
3316301,"Manutenção e reparação de aeronaves, exceto a manutenção na pista",III,Sim,Não
3312102,"Manutenção e reparação de aparelhos e instrumentos de medida, teste e controle",III,Sim,Não
3312103,Manutenção e reparação de aparelhos eletromédicos e eletroterapêuticos e equipamentos de irradiação,III,Sim,Não
3313902,"Manutenção e reparação de baterias e acumuladores elétricos, exceto para veículos",III,Sim,Sim
3314704,Manutenção e reparação de compressores,III,Sim,Não
3317101,Manutenção e reparação de embarcações e estruturas flutuantes,III,Sim,Não
3317102,Manutenção e reparação de embarcações para esporte e lazer,III,Sim,Sim
3314705,Manutenção e reparação de equipamentos de transmissão para fins industriais,III,Sim,Não
3312104,Manutenção e reparação de equipamentos e instrumentos ópticos,III,Sim,Não
3319800,Manutenção e reparação de equipamentos e produtos não especificados anteriormente,III,Sim,Sim
3314702,"Manutenção e reparação de equipamentos hidráulicos e pneumáticos, exceto válvulas",III,Sim,Sim
3313901,"Manutenção e reparação de geradores, transformadores e motores elétricos",III,Sim,Sim
3314709,"Manutenção e reparação de máquinas de escrever, calcular e de outros equipamentos não eletrônicos para escritório",III,Sim,Sim
3314707,Manutenção e reparação de máquinas e aparelhos de refrigeração e ventilação para uso industrial e comercial,III,Sim,Sim
3314721,"Manutenção e reparação de máquinas e aparelhos para a indústria de celulose, papel e papelão e artefatos",III,Sim,Não
3314722,Manutenção e reparação de máquinas e aparelhos para a indústria do plástico,III,Sim,Não
3314717,"Manutenção e reparação de máquinas e equipamentos de terraplenagem, pavimentação e construção, exceto tratores",III,Sim,Não
3314720,"Manutenção e reparação de máquinas e equipamentos para a indústria têxtil, do vestuário, do couro e calçados",III,Sim,Sim
3314714,Manutenção e reparação de máquinas e equipamentos para a prospecção e extração de petróleo,III,Sim,Não
3314711,Manutenção e reparação de máquinas e equipamentos para agricultura e pecuária,III,Sim,Sim
3314719,"Manutenção e reparação de máquinas e equipamentos para as indústrias de alimentos, bebidas e fumo",III,Sim,Sim
3314710,Manutenção e reparação de máquinas e equipamentos para uso geral não especificados anteriormente,III,Sim,Sim
3314715,"Manutenção e reparação de máquinas e equipamentos para uso na extração mineral, exceto na extração de petróleo",III,Sim,Não
3314701,Manutenção e reparação de máquinas motrizes não elétricas,III,Sim,Sim
3314718,"Manutenção e reparação de máquinas para a indústria metalúrgica, exceto máquinasferramenta",III,Sim,Não
3314706,"Manutenção e reparação de máquinas, aparelhos e equipamentos para instalações térmicas",III,Sim,Sim
3313999,"Manutenção e reparação de máquinas, aparelhos e materiais elétricos não especificados anteriormente",III,Sim,Sim
3314708,"Manutenção e reparação de máquinas, equipamentos e aparelhos para transporte e elevação de cargas",III,Sim,Não
3314713,Manutenção e reparação de máquinasferramenta,III,Sim,Não
4543900,Manutenção e reparação de motocicletas e motonetas,III,Sim,Sim
3314799,Manutenção e reparação de outras máquinas e equipamentos para usos industriais não especificados anteriormente,III,Sim,Sim
3311200,"Manutenção e reparação de tanques, reservatórios metálicos e caldeiras, exceto para veículos",III,Sim,Sim
3314712,Manutenção e reparação de tratores agrícolas,III,Sim,Sim
3314716,"Manutenção e reparação de tratores, exceto agrícolas",III,Sim,Não
3314703,Manutenção e reparação de válvulas industriais,III,Sim,Não
3315500,Manutenção e reparação de veículos ferroviários,III,Sim,Não
7319003,Marketing direto,III,Sim,Sim
1011205,"Matadouro abate de reses sob contrato, exceto abate de suínos",II,Sim,Não
1012104,Matadouro abate de suínos sob contrato,II,Sim,Não
8299701,"Medição de consumo de energia elétrica, gás e água",III,Sim,Não
2449199,Metalurgia de outros metais não ferrosos e suas ligas não especificados anteriormente,"I, II",Sim,Não
2443100,Metalurgia do cobre,"I, II",Sim,Não
2532202,Metalurgia do pó,II,Sim,Não
2442300,Metalurgia dos metais preciosos,"I, II",Sim,Não
1062700,Moagem de trigo e fabricação de derivados,"I, II",Sim,Não
1069400,Moagem e fabricação de produtos de origem vegetal não especificados anteriormente,"I, II",Sim,Sim
4292801,Montagem de estruturas metálicas,"II, III, IV",Sim,Não
4399102,Montagem e desmontagem de andaimes e outras estruturas temporárias,III,Sim,Não
4329104,"Montagem e instalação de sistemas e equipamentos de iluminação e sinalização em vias públicas, portos e aeroportos",III,Sim,Sim
5510803,Motéis,III,Sim,Não
5030101,Navegação de apoio marítimo,III,Sim,Não
5030102,Navegação de apoio portuário,III,Sim,Não
4330403,Obras de acabamento em gesso e estuque,"III, IV",Sim,Sim
4399103,Obras de alvenaria,IV,Sim,Sim
4391600,Obras de fundações,IV,Sim,Não
4222702,Obras de irrigação,IV,Sim,Não
4292802,Obras de montagem industrial,"III, IV",Sim,Não
4313400,Obras de terraplenagem,"III, IV",Sim,Não
4213800,"Obras de urbanização ruas, praças e calçadas",IV,Sim,Não
4291000,"Obras portuárias, marítimas e fluviais",IV,Sim,Não
5240101,Operação dos aeroportos e campos de aterrissagem,V,Sim,Não
5250805,Operador de transporte multimodal OTM,V,Sim,Não
6619305,Operadoras de cartões de débito,V,Sim,Não
6141800,Operadoras de televisão por assinatura por cabo,III,Sim,Não
6142600,Operadoras de televisão por assinatura por microondas,III,Sim,Não
6143400,Operadoras de televisão por assinatura por satélite,III,Sim,Não
7912100,Operadores turísticos,III,Sim,Sim
8730101,Orfanatos,III,Sim,Não
4929904,"Organização de excursões em veículos rodoviários próprios, intermunicipal, interestadual e internacional",III,Sim,Não
4929903,"Organização de excursões em veículos rodoviários próprios, municipal",III,Sim,Sim
5250804,Organização logística do transporte de carga,V,Sim,Não
9412099,Outras atividades associativas profissionais,,Não,Não
6619399,Outras atividades auxiliares dos serviços financeiros não especificadas anteriormente,V,Sim,Não
5229099,Outras atividades auxiliares dos transportes terrestres não especificadas anteriormente,"III, IV, V",Sim,Sim
8690999,Outras atividades de atenção à saúde humana não especificadas anteriormente,V,Sim,Não
8599699,Outras atividades de ensino não especificadas anteriormente,III,Sim,Sim
6399200,Outras atividades de prestação de serviços de informação não especificadas anteriormente,III,Sim,Sim
7319099,Outras atividades de publicidade não especificadas anteriormente,III,Sim,Sim
9329899,Outras atividades de recreação e lazer não especificadas anteriormente,III,Sim,Sim
8020002,Outras atividades de serviços de segurança,III,Sim,Sim
6499999,Outras atividades de serviços financeiros não especificadas anteriormente,,Não,Não
9609299,Outras atividades de serviços pessoais não especificadas anteriormente,III,Sim,Sim
8299799,Outras atividades de serviços prestados principalmente às empresas não especificadas anteriormente,"III, IV, V",Sim,Sim
6190699,Outras atividades de telecomunicações não especificadas anteriormente,"III, III",Sim,Sim
9319199,Outras atividades esportivas não especificadas anteriormente,III,Sim,Não
7490199,"Outras atividades profissionais, científicas e técnicas não especificadas anteriormente","V, V",Sim,Não
6438799,Outras instituições de intermediação não monetária não especificadas anteriormente,,Não,Não
4330499,Outras obras de acabamento da construção,"III, IV",Sim,Sim
4299599,Outras obras de engenharia civil não especificadas anteriormente,IV,Sim,Não
4329199,Outras obras de instalações em construções não especificadas anteriormente,"III, IV",Sim,Não
6463800,"Outras sociedades de participação, exceto holdings",,Não,Não
5590699,Outros alojamentos não especificados anteriormente,III,Sim,Sim
4618499,Outros representantes comerciais e agentes do comércio especializado em produtos não especificados anteriormente,V,Sim,Não
1340599,"Outros serviços de acabamento em fios, tecidos, artefatos têxteis e peças do vestuário","II, III",Sim,Sim
5112999,Outros serviços de transporte aéreo de passageiros não regular,III,Sim,Não
5099899,Outros transportes aquaviários não especificados anteriormente,III,Sim,Sim
4929999,Outros transportes rodoviários de passageiros não especificados anteriormente,III,Sim,Não
4721102,Padaria e confeitaria com predominância de revenda,I,Sim,Sim
9321200,Parques de diversão e parques temáticos,III,Sim,Não
4722902,Peixaria,I,Sim,Sim
0710302,"Pelotização, sinterização e outros beneficiamentos de minério de ferro","I, II",Sim,Não
5590603,Pensões (alojamento),III,Sim,Sim
4399105,Perfuração e construção de poços de água,IV,Sim,Sim
4312600,Perfurações e sondagens,"III, IV",Sim,Não
6621501,Peritos e avaliadores de seguros,V,Sim,Não
0312402,Pesca de crustáceos e moluscos em água doce,II,Sim,Não
0311602,Pesca de crustáceos e moluscos em água salgada,II,Sim,Não
0312401,Pesca de peixes em água doce,"I, II",Sim,Não
0311601,Pesca de peixes em água salgada,"I, II",Sim,Não
7210000,Pesquisa e desenvolvimento experimental em ciências físicas e naturais,V,Sim,Não
7220700,Pesquisa e desenvolvimento experimental em ciências sociais e humanas,V,Sim,Não
7320300,Pesquisas de mercado e de opinião pública,V,Sim,Não
4211102,Pintura para sinalização em pistas rodoviárias e aeroportos,III,Sim,Não
6511102,Planos de auxíliofuneral,,Não,Não
6550200,Planos de saúde,V,Sim,Não
6319400,"Portais, provedores de conteúdo e outros serviços de informação na Internet","III, III",Sim,Não
4311802,Preparação de canteiro e limpeza de terreno,IV,Sim,Não
8219999,Preparação de documentos e serviços especializados de apoio administrativo não especificados anteriormente,III,Sim,Sim
2330305,Preparação de massa de concreto e argamassa para construção,II,Sim,Não
1013902,Preparação de subprodutos do abate,"I, II",Sim,Não
1051100,Preparação do leite,"I, II",Sim,Não
1311100,Preparação e fiação de fibras de algodão,"I, II",Sim,Sim
1312000,"Preparação e fiação de fibras têxteis naturais, exceto algodão","I, II",Sim,Sim
1020101,"Preservação de peixes, crustáceos e moluscos","I, II",Sim,Não
6542100,Previdência complementar aberta,,Não,Não
6541300,Previdência complementar fechada,,Não,Não
1210700,Processamento industrial do fumo,II,Sim,Não
2441501,Produção de alumínio e suas ligas em formas primárias,"I, II",Sim,Não
2424501,Produção de arames de aço,II,Sim,Não
2532201,Produção de artefatos estampados de metal,II,Sim,Sim
0220902,Produção de carvão vegetal florestas nativas,II,Sim,Não
0210108,Produção de carvão vegetal florestas plantadas,"I, II",Sim,Não
0210109,Produção de casca de acácianegra florestas plantadas,II,Sim,Não
9001904,"Produção de espetáculos circenses, de marionetes e similares",III,Sim,Não
9001903,Produção de espetáculos de dança,III,Sim,Não
9001905,"Produção de espetáculos de rodeios, vaquejadas e similares",III,Sim,Não
2411300,Produção de ferrogusa,"I, II",Sim,Não
2412100,Produção de ferroligas,II,Sim,Não
5911102,Produção de filmes para publicidade,III,Sim,Não
2531401,Produção de forjados de aço,II,Sim,Não
2531402,Produção de forjados de metais não ferrosos e suas ligas,II,Sim,Não
3520401,Produção de gás; processamento de gás natural,"I, II",Sim,Não
2441502,Produção de laminados de alumínio,II,Sim,Não
2449102,Produção de laminados de zinco,II,Sim,Não
2423702,"Produção de laminados longos de aço, exceto tubos",II,Sim,Não
2422901,"Produção de laminados planos de aço ao carbono, revestidos ou não",II,Sim,Não
2422902,Produção de laminados planos de aços especiais,II,Sim,Não
0142300,"Produção de mudas e outras formas de propagação vegetal, certificadas","I, II",Sim,Não
2439300,Produção de outros tubos de ferro e aço,II,Sim,Não
0155505,Produção de ovos,"I, II",Sim,Não
0155502,Produção de pintos de um dia,"I, II",Sim,Não
0210199,Produção de produtos não madeireiros não especificados anteriormente em florestas plantadas,II,Sim,Não
2424502,"Produção de relaminados, trefilados e perfilados de aço, exceto arames",II,Sim,Não
0141502,Produção de sementes certificadas de forrageiras para formação de pasto,"I, II",Sim,Não
0141501,"Produção de sementes certificadas, exceto de forrageiras para pasto","I, II",Sim,Não
2421100,Produção de semiacabados de aço,II,Sim,Não
2431800,Produção de tubos de aço com costura,II,Sim,Não
2423701,Produção de tubos de aço sem costura,II,Sim,Não
2449101,Produção de zinco em formas primárias,II,Sim,Não
3530100,"Produção e distribuição de vapor, água quente e ar condicionado",II,Sim,Não
9319101,Produção e promoção de eventos esportivos,III,Sim,Não
9001902,Produção musical,III,Sim,Sim
9001901,Produção teatral,III,Sim,Sim
6022501,Programadoras,III,Sim,Não
7319002,Promoção de vendas,III,Sim,Sim
6190601,Provedores de acesso às redes de comunicações,III,Sim,Não
6190602,Provedores de voz sobre protocolo Internet VOIP,III,Sim,Não
0322105,Ranicultura,II,Sim,Não
4751202,Recarga de cartuchos para equipamentos de informática,I,Sim,Sim
2722802,Recondicionamento de baterias e acumuladores para veículos automotores,"II, III",Sim,Não
2950600,Recondicionamento e recuperação de motores para veículos automotores,"II, III",Sim,Sim
3831999,"Recuperação de materiais metálicos, exceto alumínio","I, II, III",Sim,Sim
3839499,Recuperação de materiais não especificados anteriormente,"I, II, III",Sim,Sim
3832700,Recuperação de materiais plásticos,"II, III",Sim,Sim
3831901,Recuperação de sucatas de alumínio,"II, III",Sim,Sim
0892403,Refino e outros tratamentos do sal,"I, II",Sim,Não
2212900,Reforma de pneumáticos usados,"II, III",Sim,Não
8412400,"Regulação das atividades de saúde, educação, serviços culturais e outros serviços sociais",,Não,Não
8413200,Regulação das atividades econômicas,,Não,Não
8421300,Relações exteriores,,Não,Não
9529105,Reparação de artigos do mobiliário,III,Sim,Sim
9529104,"Reparação de bicicletas, triciclos e outros veículos não motorizados",III,Sim,Sim
9529101,"Reparação de calçados, bolsas e artigos de viagem",III,Sim,Sim
9529106,Reparação de jóias,III,Sim,Sim
9529103,Reparação de relógios,III,Sim,Sim
9511800,Reparação e manutenção de computadores e de equipamentos periféricos,III,Sim,Sim
9512600,Reparação e manutenção de equipamentos de comunicação,III,Sim,Sim
9521500,Reparação e manutenção de equipamentos eletroeletrônicos de uso pessoal e doméstico,III,Sim,Sim
9529199,Reparação e manutenção de outros objetos e equipamentos pessoais e domésticos não especificados anteriormente,III,Sim,Sim
6619303,Representações de bancos estrangeiros,,Não,Não
4612500,"Representantes comerciais e agentes do comércio de combustíveis, minerais, produtos siderúrgicos e químicos",V,Sim,Não
4615000,"Representantes comerciais e agentes do comércio de eletrodomésticos, móveis e artigos de uso doméstico",V,Sim,Não
4618402,Representantes comerciais e agentes do comércio de instrumentos e materiais odontomédicohospitalares,V,Sim,Não
4618403,"Representantes comerciais e agentes do comércio de jornais, revistas e outras publicações",V,Sim,Não
4613300,"Representantes comerciais e agentes do comércio de madeira, material de construção e ferragens",V,Sim,Não
4614100,"Representantes comerciais e agentes do comércio de máquinas, equipamentos, embarcações e aeronaves",V,Sim,Não
4611700,Representantes comerciais e agentes do comércio de matériasprimas agrícolas e animais vivos,V,Sim,Não
4618401,"Representantes comerciais e agentes do comércio de medicamentos, cosméticos e produtos de perfumaria",V,Sim,Não
4619200,Representantes comerciais e agentes do comércio de mercadorias em geral não especializado,V,Sim,Não
4542101,"Representantes comerciais e agentes do comércio de motocicletas e motonetas, peças e acessórios",V,Sim,Não
4530706,Representantes comerciais e agentes do comércio de peças e acessórios novos e usados para veículos automotores,V,Sim,Não
4617600,"Representantes comerciais e agentes do comércio de produtos alimentícios, bebidas e fumo",V,Sim,Não
4616800,"Representantes comerciais e agentes do comércio de têxteis, vestuário, calçados e artigos de viagem",V,Sim,Não
4512901,Representantes comerciais e agentes do comércio de veículos automotores,V,Sim,Não
1830003,Reprodução de software em qualquer suporte,"II, III",Sim,Não
1830001,Reprodução de som em qualquer suporte,II,Sim,Não
1830002,Reprodução de vídeo em qualquer suporte,II,Sim,Não
1922502,Rerrefino de óleos lubrificantes,II,Sim,Não
6530800,Resseguros,,Não,Não
9002702,Restauração de obras de arte,III,Sim,Sim
9102302,Restauração e conservação de lugares e prédios históricos,III,Sim,Sim
5611201,Restaurantes e similares,I,Sim,Sim
8299707,Salas de acesso à Internet,III,Sim,Sim
6492100,Securitização de créditos,,Não,Não
8424800,Segurança e ordem pública,,Não,Não
8430200,Seguridade social obrigatória,,Não,Não
7810800,Seleção e agenciamento de mão de obra,V,Sim,Não
1610203,Serrarias com desdobramento de madeira em bruto,II,Sim,Não
1610204,Serrarias sem desdobramento de madeira em bruto Resseragem,"I, II",Sim,Não
2599302,Serviço de corte e dobra de metais,"II, III",Sim,Não
0162801,Serviço de inseminação artificial em animais,"III, V",Sim,Não
3250709,Serviço de laboratório óptico,III,Sim,Não
0162803,Serviço de manejo de animais,III,Sim,Não
0161002,Serviço de poda de árvores para lavouras,III,Sim,Sim
0161003,"Serviço de preparação de terreno, cultivo e colheita",III,Sim,Sim
0161001,Serviço de pulverização e controle de pragas agrícolas,"III, V",Sim,Sim
5030103,Serviço de rebocadores e empurradores,III,Sim,Não
4923001,Serviço de táxi,"III, III",Sim,Sim
5112901,Serviço de táxi aéreo e locação de aeronaves com tripulação,III,Sim,Não
0162802,Serviço de tosquiamento de ovinos,III,Sim,Sim
4923002,Serviço de transporte de passageiros locação de automóveis com motorista,"III, III",Sim,Não
1610205,Serviço de tratamento de madeira realizado sob contrato,III,Sim,Não
6120502,Serviço móvel especializado SME,III,Sim,Não
6911701,Serviços advocatícios,IV,Sim,Não
5612100,Serviços ambulantes de alimentação,I,Sim,Sim
8211300,Serviços combinados de escritório e apoio administrativo,III,Sim,Não
8111700,"Serviços combinados para apoio a edifícios, exceto condomínios prediais",IV,Sim,Não
1822999,"Serviços de acabamentos gráficos, exceto encadernação e plastificação","II, III",Sim,Não
8011102,Serviços de adestramento de cães de guarda,III,Sim,Sim
7490103,Serviços de agronomia e de consultoria às atividades agrícolas e pecuárias,"V, V",Sim,Não
5620102,Serviços de alimentação para eventos e recepções bufê,"I, III",Sim,Sim
4520004,Serviços de alinhamento e balanceamento de veículos automotores,III,Sim,Sim
5229001,"Serviços de apoio ao transporte por táxi, inclusive centrais de chamada",III,Sim,Não
7111100,Serviços de arquitetura,III,Sim,Não
8800600,Serviços de assistência social sem alojamento,V,Sim,Não
8640214,Serviços de bancos de células e tecidos humanos,III,Sim,Não
4520006,Serviços de borracharia para veículos automotores,III,Sim,Sim
4520008,Serviços de capotaria,III,Sim,Sim
7119701,"Serviços de cartografia, topografia e geodésia",V,Sim,Não
6110803,Serviços de comunicação multimídia SCM,III,Sim,Não
2599301,Serviços de confecção de armações metálicas para a construção,"II, III",Sim,Sim
9603302,Serviços de cremação,III,Sim,Não
7119703,Serviços de desenho técnico relacionados à arquitetura e engenharia,V,Sim,Não
8640205,"Serviços de diagnóstico por imagem com uso de radiação ionizante, exceto tomografia",III,Sim,Não
8640207,"Serviços de diagnóstico por imagem sem uso de radiação ionizante, exceto ressonância magnética",III,Sim,Não
8640209,Serviços de diagnóstico por métodos ópticos endoscopia e outros exames análogos,III,Sim,Não
8640208,"Serviços de diagnóstico por registro gráfico ECG, EEG e outros exames análogos",III,Sim,Não
8640203,Serviços de diálise e nefrologia,III,Sim,Não
5912001,Serviços de dublagem,III,Sim,Sim
1822901,Serviços de encadernação e plastificação,III,Sim,Sim
7112000,Serviços de engenharia,V,Sim,Não
5320202,Serviços de entrega rápida,"III, III",Sim,Sim
9603304,Serviços de funerárias,III,Sim,Sim
8299703,"Serviços de gravação de carimbos, exceto confecção",III,Sim,Sim
8640212,Serviços de hemoterapia,III,Sim,Não
4520007,"Serviços de instalação, manutenção e reparação de acessórios para veículos automotores",III,Sim,Sim
4520002,Serviços de lanternagem ou funilaria e pintura de veículos automotores,III,Sim,Sim
4520005,"Serviços de lavagem, lubrificação e polimento de veículos automotores","III, IV",Sim,Sim
8299705,Serviços de levantamento de fundos sob contrato,V,Sim,Não
6619301,Serviços de liquidação e custódia,,Não,Não
8640213,Serviços de litotripsia,III,Sim,Não
5320201,Serviços de malote não realizados pelo Correio Nacional,"III, III",Sim,Sim
4520003,Serviços de manutenção e reparação elétrica de veículos automotores,III,Sim,Sim
4520001,Serviços de manutenção e reparação mecânica de veículos automotores,III,Sim,Sim
7420005,Serviços de microfilmagem,III,Sim,Não
5912002,Serviços de mixagem sonora em produção audiovisual,III,Sim,Não
3329501,Serviços de montagem de móveis de qualquer material,III,Sim,Sim
4399104,Serviços de operação e fornecimento de equipamentos para transporte e elevação de cargas e pessoas para uso em obras,"III, IV",Sim,Não
8230001,"Serviços de organização de feiras, congressos, exposições e festas",III,Sim,Sim
7119704,Serviços de perícia técnica relacionados à segurança do trabalho,V,Sim,Não
4330404,Serviços de pintura de edifícios em geral,"III, IV",Sim,Sim
5239701,Serviços de praticagem,III,Sim,Não
1821100,Serviços de préimpressão,"II, III",Sim,Sim
4319300,Serviços de preparação do terreno não especificados anteriormente,IV,Sim,Não
3250706,Serviços de prótese dentária,III,Sim,Não
8640210,Serviços de quimioterapia,III,Sim,Não
8640211,Serviços de radioterapia,III,Sim,Não
5229002,Serviços de reboque de veículos,"III, III",Sim,Sim
6110802,Serviços de redes de transporte de telecomunicações SRTT,III,Sim,Não
8622400,"Serviços de remoção de pacientes, exceto os serviços móveis de atendimento a urgências",III,Sim,Não
7990200,Serviços de reservas e outros serviços de turismo não especificados anteriormente,III,Sim,Sim
8640206,Serviços de ressonância magnética,III,Sim,Não
9603303,Serviços de sepultamento,III,Sim,Sim
9603305,Serviços de somatoconservação,III,Sim,Não
9609206,Serviços de tatuagem e colocação de piercing,III,Sim,Sim
6110899,Serviços de telecomunicações por fio não especificados anteriormente,III,Sim,Não
6120599,Serviços de telecomunicações sem fio não especificados anteriormente,III,Sim,Não
6110801,Serviços de telefonia fixa comutada STFC,III,Sim,Não
8640204,Serviços de tomografia,III,Sim,Não
7490101,"Serviços de tradução, interpretação e similares",V,Sim,Não
2539002,Serviços de tratamento e revestimento em metais,"II, III",Sim,Sim
2539001,"Serviços de usinagem, torneiria e solda","II, III",Sim,Sim
8630506,Serviços de vacinação e imunização humana,III,Sim,Não
9700500,Serviços domésticos,,Não,Sim
4399199,Serviços especializados para construção não especificados anteriormente,"IV, IV, III",Sim,Sim
8621602,"Serviços móveis de atendimento a urgências, exceto por UTI móvel",III,Sim,Não
6512000,Sociedade seguradora de seguros não vida,,Não,Não
6511101,Sociedade seguradora de seguros vida,,Não,Não
6520100,Sociedade seguradora de segurossaúde,,Não,Não
6450600,Sociedades de capitalização,,Não,Não
6437900,Sociedades de crédito ao microempreendedor,,Não,Não
6435201,Sociedades de crédito imobiliário,,Não,Não
6436100,"Sociedades de crédito, financiamento e investimento financeiras",,Não,Não
6491300,Sociedades de fomento mercantil factoring,,Não,Não
6499902,Sociedades de investimento,,Não,Não
6209100,"Suporte técnico, manutenção e outros serviços em tecnologia da informação","III, V",Sim,Não
4729601,Tabacaria,I,Sim,Sim
1321900,Tecelagem de fios de algodão,II,Sim,Sim
1323500,Tecelagem de fios de fibras artificiais e sintéticas,II,Sim,Não
1322700,"Tecelagem de fios de fibras têxteis naturais, exceto algodão","I, II",Sim,Sim
6130200,Telecomunicações por satélite,III,Sim,Não
6120501,Telefonia móvel celular,III,Sim,Não
5222200,Terminais rodoviários e ferroviários,V,Sim,Não
7120100,Testes e análises técnicas,V,Sim,Não
9601702,Tinturarias,III,Sim,Sim
9601703,Toalheiros,III,Sim,Sim
1081302,Torrefação e moagem de café,"I, II",Sim,Não
3512300,Transmissão de energia elétrica,,Não,Não
5120000,Transporte aéreo de carga,III,Sim,Não
5111100,Transporte aéreo de passageiros regular,III,Sim,Não
5099801,Transporte aquaviário para passeios turísticos,III,Sim,Sim
4940000,Transporte dutoviário,III,Sim,Não
4924800,Transporte escolar,"III, III",Sim,Sim
5130700,Transporte espacial,III,Sim,Não
4911600,Transporte ferroviário de carga,III,Sim,Não
4912401,Transporte ferroviário de passageiros intermunicipal e interestadual,,Não,Não
4912402,Transporte ferroviário de passageiros municipal e em região metropolitana,III,Sim,Não
5011401,Transporte marítimo de cabotagem Carga,III,Sim,Sim
5011402,Transporte marítimo de cabotagem Passageiros,III,Sim,Não
5012201,Transporte marítimo de longo curso Carga,III,Sim,Não
5012202,Transporte marítimo de longo curso Passageiros,III,Sim,Não
4912403,Transporte metroviário,III,Sim,Não
5091202,"Transporte por navegação de travessia, intermunicipal, interestadual e internacional",III,Sim,Sim
5091201,"Transporte por navegação de travessia, municipal",III,Sim,Sim
5021102,"Transporte por navegação interior de carga, intermunicipal, interestadual e internacional, exceto travessia",III,Sim,Não
5021101,"Transporte por navegação interior de carga, municipal, exceto travessia",III,Sim,Sim
5022002,"Transporte por navegação interior de passageiros em linhas regulares, intermunicipal, interestadual e internacional, exceto travessia",III,Sim,Não
5022001,"Transporte por navegação interior de passageiros em linhas regulares, municipal, exceto travessia",III,Sim,Não
4922102,"Transporte rodoviário coletivo de passageiros, com itinerário fixo, interestadual",,Não,Não
4921302,"Transporte rodoviário coletivo de passageiros, com itinerário fixo, intermunicipal em região metropolitana",III,Sim,Não
4922101,"Transporte rodoviário coletivo de passageiros, com itinerário fixo, intermunicipal, exceto em região metropolitana",,Não,Não
4922103,"Transporte rodoviário coletivo de passageiros, com itinerário fixo, internacional",III,Sim,Não
4921301,"Transporte rodoviário coletivo de passageiros, com itinerário fixo, municipal",III,Sim,Não
4929902,"Transporte rodoviário coletivo de passageiros, sob regime de fretamento, intermunicipal, interestadual e internacional",III,Sim,Sim
4929901,"Transporte rodoviário coletivo de passageiros, sob regime de fretamento, municipal",III,Sim,Sim
4930202,"Transporte rodoviário de carga, exceto produtos perigosos e mudanças, intermunicipal, interestadual e internacional",III,Sim,Sim
4930201,"Transporte rodoviário de carga, exceto produtos perigosos e mudanças, municipal",III,Sim,Sim
4930204,Transporte rodoviário de mudanças,"III, III",Sim,Sim
4930203,Transporte rodoviário de produtos perigosos,III,Sim,Sim
6311900,"Tratamento de dados, provedores de serviços de aplicação e serviços de hospedagem na Internet","III, V",Sim,Não
3821100,Tratamento e disposição de resíduos não perigosos,V,Sim,Não
3822000,Tratamento e disposição de resíduos perigosos,V,Sim,Não
4329105,"Tratamentos térmicos, acústicos ou de vibração","III, IV",Sim,Sim
8599604,Treinamento em desenvolvimento profissional e gerencial,III,Sim,Sim
8599603,Treinamento em informática,III,Sim,Sim
4950700,"Trens turísticos, teleféricos e similares","III, III",Sim,Não
3839401,Usinas de compostagem,II,Sim,Não
8621601,UTI móvel,III,Sim,Não
6201502,Web desing,III,Sim,Não